"X.Intercept.","x1.cgm","g1","g2","x2.cgm","x1.cgm.g1","x1.cgm.g2","g1.x2.cgm","g2.x2.cgm"
"1",0.24708856366756,0.336615252412009,0.236931677170283,0.232947254797179,0.352868296047598,0.33015003276157,0.325254881062594,0.330211991070548,0.327931659586013
"X.Intercept.","x1.cgm","g1","g2","x2.cgm","x1.cgm.g1","x1.cgm.g2","g1.x2.cgm","g2.x2.cgm"
"1",0.222404625122974,0.285048840975744,0.197000352094545,0.221623186744502,0.293875290592602,0.255985785544129,0.292929573653902,0.245110129879565,0.297287364121102
"X.Intercept.","x1.cgm","g1","g2","x2.cgm","x1.cgm.g1","x1.cgm.g2","g1.x2.cgm","g2.x2.cgm"
"1",0.247714243060043,0.316881352376596,0.246234614191209,0.213004152383094,0.3112239282293,0.32760591202178,0.287869007210101,0.324160189261467,0.273526904116523
"X.Intercept.","x1.cgm","g1","g2","x2.cgm","x1.cgm.g1","x1.cgm.g2","g1.x2.cgm","g2.x2.cgm"
"1",0.19810807126312,0.311237708787568,0.226158879927052,0.172901363093565,0.335232785034465,0.355304101222064,0.27660866790981,0.373384154698729,0.297812137337021
"X.Intercept.","x1.cgm","g1","g2","x2.cgm","x1.cgm.g1","x1.cgm.g2","g1.x2.cgm","g2.x2.cgm"
"1",0.232277118388541,0.266370238046864,0.221531875621892,0.249633024475761,0.366864952981537,0.254080775894192,0.276114064027915,0.352325213699845,0.391430450835482
"X.Intercept.","x1.cgm","g1","g2","x2.cgm","x1.cgm.g1","x1.cgm.g2","g1.x2.cgm","g2.x2.cgm"
"1",0.24091215928026,0.298830419010345,0.222422742323383,0.227802748215557,0.314274263095451,0.2740276445145,0.296310011079202,0.297818132288252,0.307997681001439
"X.Intercept.","x1.cgm","g1","g2","x2.cgm","x1.cgm.g1","x1.cgm.g2","g1.x2.cgm","g2.x2.cgm"
"1",0.196704493610971,0.354421220820171,0.19237279021102,0.168267080099411,0.331265703722219,0.334563135271994,0.288763359565582,0.300825664816878,0.273190955334684
"X.Intercept.","x1.cgm","g1","g2","x2.cgm","x1.cgm.g1","x1.cgm.g2","g1.x2.cgm","g2.x2.cgm"
"1",0.23714163553319,0.262901895364587,0.302918141351084,0.210655013062944,0.272059084423804,0.346423696190435,0.24641978629574,0.357477099305252,0.235237307517095
"X.Intercept.","x1.cgm","g1","g2","x2.cgm","x1.cgm.g1","x1.cgm.g2","g1.x2.cgm","g2.x2.cgm"
"1",0.21078658968361,0.272376008069501,0.193680312765897,0.247545195189843,0.269922509363324,0.242247927771933,0.322425625138419,0.231522732119651,0.321363206282221
"X.Intercept.","x1.cgm","g1","g2","x2.cgm","x1.cgm.g1","x1.cgm.g2","g1.x2.cgm","g2.x2.cgm"
"1",0.260894740836471,0.263363653868844,0.268279126804557,0.284483516818029,0.280870379248243,0.274731654606573,0.279413615078672,0.30838645812808,0.300893627352165
"X.Intercept.","x1.cgm","g1","g2","x2.cgm","x1.cgm.g1","x1.cgm.g2","g1.x2.cgm","g2.x2.cgm"
"1",0.182156219944574,0.246772647484795,0.207635842719873,0.18970530239962,0.224273402653976,0.302244151259755,0.261117749257884,0.275097374850407,0.235105241224386
"X.Intercept.","x1.cgm","g1","g2","x2.cgm","x1.cgm.g1","x1.cgm.g2","g1.x2.cgm","g2.x2.cgm"
"1",0.202176513751319,0.253281665158404,0.232274015901122,0.21722323606396,0.259287214948952,0.290330106672528,0.278740090140727,0.312775493602705,0.288391798601481
"X.Intercept.","x1.cgm","g1","g2","x2.cgm","x1.cgm.g1","x1.cgm.g2","g1.x2.cgm","g2.x2.cgm"
"1",0.198695059642542,0.250298078712579,0.210964471633989,0.212387123084622,0.270034421135657,0.271281947787086,0.267880903780708,0.285225156270816,0.294699237019051
"X.Intercept.","x1.cgm","g1","g2","x2.cgm","x1.cgm.g1","x1.cgm.g2","g1.x2.cgm","g2.x2.cgm"
"1",0.201419984538571,0.249300522900806,0.189438108456484,0.17457988939619,0.274391933508431,0.253146906729738,0.216496505280942,0.267848614123728,0.233145456945961
"X.Intercept.","x1.cgm","g1","g2","x2.cgm","x1.cgm.g1","x1.cgm.g2","g1.x2.cgm","g2.x2.cgm"
"1",0.220538825434427,0.267438764275068,0.206298120760602,0.204407631975242,0.284179966533591,0.250556587008937,0.238730220445325,0.240526666877566,0.268992145309949
"X.Intercept.","x1.cgm","g1","g2","x2.cgm","x1.cgm.g1","x1.cgm.g2","g1.x2.cgm","g2.x2.cgm"
"1",0.233865878543912,0.341687740392503,0.253506461416522,0.217759043680682,0.367394671152084,0.393915141877524,0.299582048120552,0.383707447821439,0.33475461361656
"X.Intercept.","x1.cgm","g1","g2","x2.cgm","x1.cgm.g1","x1.cgm.g2","g1.x2.cgm","g2.x2.cgm"
"1",0.215787040425278,0.288117342224796,0.246961567735783,0.231149389284261,0.243101168214217,0.34664158457531,0.313704765013054,0.284379613916941,0.251395734228796
"X.Intercept.","x1.cgm","g1","g2","x2.cgm","x1.cgm.g1","x1.cgm.g2","g1.x2.cgm","g2.x2.cgm"
"1",0.211598901998598,0.283110886981552,0.220845724534921,0.232008857250397,0.300730804852259,0.327598970189291,0.310234020936481,0.343838493880925,0.351209017453636
"X.Intercept.","x1.cgm","g1","g2","x2.cgm","x1.cgm.g1","x1.cgm.g2","g1.x2.cgm","g2.x2.cgm"
"1",0.177926978293307,0.240753979130908,0.179175180862366,0.215734633954545,0.2399961556107,0.26066478403463,0.287415782862951,0.249534410560777,0.281222767417447
"X.Intercept.","x1.cgm","g1","g2","x2.cgm","x1.cgm.g1","x1.cgm.g2","g1.x2.cgm","g2.x2.cgm"
"1",0.172128520273419,0.230848351314766,0.169540898719622,0.207252146255116,0.232669901043667,0.238135508751154,0.291916792869028,0.231695680421403,0.305547146351412
"X.Intercept.","x1.cgm","g1","g2","x2.cgm","x1.cgm.g1","x1.cgm.g2","g1.x2.cgm","g2.x2.cgm"
"1",0.269581175505414,0.316536532555505,0.28022672765385,0.273822046465127,0.305786877281791,0.326936723457602,0.332189481926196,0.30438009539723,0.300766495568315
"X.Intercept.","x1.cgm","g1","g2","x2.cgm","x1.cgm.g1","x1.cgm.g2","g1.x2.cgm","g2.x2.cgm"
"1",0.18654423222772,0.247344488389792,0.174600248111202,0.229766374824945,0.25311854669091,0.236077183575371,0.31277176720527,0.244209726394384,0.300507335099438
"X.Intercept.","x1.cgm","g1","g2","x2.cgm","x1.cgm.g1","x1.cgm.g2","g1.x2.cgm","g2.x2.cgm"
"1",0.17659064252551,0.248438608935316,0.187269415343251,0.16803560284651,0.256576873987451,0.282689586045379,0.239365253227173,0.268848685429474,0.239631165369393
"X.Intercept.","x1.cgm","g1","g2","x2.cgm","x1.cgm.g1","x1.cgm.g2","g1.x2.cgm","g2.x2.cgm"
"1",0.239990674962783,0.359083136585351,0.195341584793525,0.244396981807311,0.32193273716171,0.288182713428249,0.365045395509452,0.254794508240517,0.345131983704715
"X.Intercept.","x1.cgm","g1","g2","x2.cgm","x1.cgm.g1","x1.cgm.g2","g1.x2.cgm","g2.x2.cgm"
"1",0.216600733926483,0.296754790618685,0.253542049477565,0.206578058602708,0.261060030062752,0.327418441280313,0.288821314595242,0.295013201172252,0.269682750523822
"X.Intercept.","x1.cgm","g1","g2","x2.cgm","x1.cgm.g1","x1.cgm.g2","g1.x2.cgm","g2.x2.cgm"
"1",0.267711955920194,0.278652030973293,0.305987738624556,0.246552292055985,0.305091451690765,0.343328812278451,0.243854117157677,0.363324386275729,0.282345711362601
"X.Intercept.","x1.cgm","g1","g2","x2.cgm","x1.cgm.g1","x1.cgm.g2","g1.x2.cgm","g2.x2.cgm"
"1",0.214376772403891,0.272686915621401,0.196919296670521,0.265576572564686,0.315295834264914,0.2585148979193,0.347995988073188,0.300869613687096,0.393107365639759
"X.Intercept.","x1.cgm","g1","g2","x2.cgm","x1.cgm.g1","x1.cgm.g2","g1.x2.cgm","g2.x2.cgm"
"1",0.257138223446598,0.381704553943187,0.25144338413089,0.228040932559997,0.343578587787072,0.397837938076096,0.349151772848031,0.35851598913999,0.311561351070112
"X.Intercept.","x1.cgm","g1","g2","x2.cgm","x1.cgm.g1","x1.cgm.g2","g1.x2.cgm","g2.x2.cgm"
"1",0.331615028575783,0.431310904621456,0.313738055285854,0.31824283794083,0.351622422074221,0.396748998424099,0.413915852628249,0.313158928018018,0.355221033654328
"X.Intercept.","x1.cgm","g1","g2","x2.cgm","x1.cgm.g1","x1.cgm.g2","g1.x2.cgm","g2.x2.cgm"
"1",0.221351032121464,0.357288843189743,0.209138198206418,0.228126796870536,0.289922953333667,0.363512526108448,0.37019539861314,0.291325973933215,0.294289383284504
"X.Intercept.","x1.cgm","g1","g2","x2.cgm","x1.cgm.g1","x1.cgm.g2","g1.x2.cgm","g2.x2.cgm"
"1",0.28453070688968,0.380319595978999,0.229117600126607,0.280554050039966,0.297364036688558,0.317103844127854,0.355246872928339,0.256899751774699,0.298120975170636
"X.Intercept.","x1.cgm","g1","g2","x2.cgm","x1.cgm.g1","x1.cgm.g2","g1.x2.cgm","g2.x2.cgm"
"1",0.18745144127983,0.253730884594073,0.150736973497965,0.201540121023141,0.2687037509368,0.195662800941915,0.287191444703297,0.201144653280169,0.28888913430345
"X.Intercept.","x1.cgm","g1","g2","x2.cgm","x1.cgm.g1","x1.cgm.g2","g1.x2.cgm","g2.x2.cgm"
"1",0.225827860124548,0.288757883140457,0.229064829657631,0.216589266750388,0.377960672594308,0.295549634539161,0.270386747453079,0.403004419004369,0.349811788915806
"X.Intercept.","x1.cgm","g1","g2","x2.cgm","x1.cgm.g1","x1.cgm.g2","g1.x2.cgm","g2.x2.cgm"
"1",0.231721013767133,0.354271247743043,0.232913254977356,0.238840352548128,0.341404096580055,0.365498389076334,0.369169068159204,0.356029200615513,0.341249656239517
"X.Intercept.","x1.cgm","g1","g2","x2.cgm","x1.cgm.g1","x1.cgm.g2","g1.x2.cgm","g2.x2.cgm"
"1",0.244663737294041,0.269985859306413,0.226664265497735,0.223347473229837,0.262963544572674,0.271203709730859,0.245807278622233,0.252132318103535,0.242030586548545
"X.Intercept.","x1.cgm","g1","g2","x2.cgm","x1.cgm.g1","x1.cgm.g2","g1.x2.cgm","g2.x2.cgm"
"1",0.182289231349661,0.25927175867469,0.214918525498725,0.197410201548573,0.261954990825032,0.308992819950915,0.288119274061849,0.313478382891021,0.275975520956863
"X.Intercept.","x1.cgm","g1","g2","x2.cgm","x1.cgm.g1","x1.cgm.g2","g1.x2.cgm","g2.x2.cgm"
"1",0.22379386003462,0.332388127883678,0.202726896307513,0.254755504435834,0.368220333305745,0.288743860356745,0.379042003617595,0.321552212617972,0.406420685515406
"X.Intercept.","x1.cgm","g1","g2","x2.cgm","x1.cgm.g1","x1.cgm.g2","g1.x2.cgm","g2.x2.cgm"
"1",0.259461947886827,0.260587740817199,0.243870135964791,0.267115639181,0.272394002908133,0.229876259886534,0.282755512242945,0.253440400401065,0.275961589409947
"X.Intercept.","x1.cgm","g1","g2","x2.cgm","x1.cgm.g1","x1.cgm.g2","g1.x2.cgm","g2.x2.cgm"
"1",0.229334916654195,0.353716148851697,0.20820703780265,0.264709665848673,0.304128058614357,0.316141909124065,0.414203875251284,0.280848050265563,0.343810622291791
"X.Intercept.","x1.cgm","g1","g2","x2.cgm","x1.cgm.g1","x1.cgm.g2","g1.x2.cgm","g2.x2.cgm"
"1",0.194262740311079,0.280436673934787,0.247360918306092,0.195915277029351,0.217338148108655,0.372637843812351,0.284903895694057,0.299868129479486,0.220082571863146
"X.Intercept.","x1.cgm","g1","g2","x2.cgm","x1.cgm.g1","x1.cgm.g2","g1.x2.cgm","g2.x2.cgm"
"1",0.224536087848047,0.315779714347983,0.202318864960065,0.23839628597446,0.342695445072606,0.292020848492026,0.342040805638121,0.320084393590297,0.377255483889199
"X.Intercept.","x1.cgm","g1","g2","x2.cgm","x1.cgm.g1","x1.cgm.g2","g1.x2.cgm","g2.x2.cgm"
"1",0.227270551244659,0.297889444160405,0.215720961012941,0.262761025436373,0.272335779530298,0.276822117605822,0.338917026770932,0.253988134728453,0.312129114323765
"X.Intercept.","x1.cgm","g1","g2","x2.cgm","x1.cgm.g1","x1.cgm.g2","g1.x2.cgm","g2.x2.cgm"
"1",0.28728181862953,0.310142538345426,0.257678311387893,0.30331465019308,0.303432149499679,0.27463962741583,0.337574433933129,0.290758261511944,0.319237150146239
"X.Intercept.","x1.cgm","g1","g2","x2.cgm","x1.cgm.g1","x1.cgm.g2","g1.x2.cgm","g2.x2.cgm"
"1",0.20383995164159,0.327749621193539,0.209858149253934,0.183753909180919,0.322837786874035,0.331352180809316,0.312054130049741,0.32479723601609,0.301239431626129
"X.Intercept.","x1.cgm","g1","g2","x2.cgm","x1.cgm.g1","x1.cgm.g2","g1.x2.cgm","g2.x2.cgm"
"1",0.214785132753748,0.284374514165084,0.211044122975466,0.211636513124662,0.279789754759888,0.272513798712409,0.275523281066721,0.282860837631696,0.240372659333722
"X.Intercept.","x1.cgm","g1","g2","x2.cgm","x1.cgm.g1","x1.cgm.g2","g1.x2.cgm","g2.x2.cgm"
"1",0.230182364077303,0.312870593111253,0.2360413422242,0.21680958668893,0.250691117884816,0.308487486814326,0.289337617241484,0.25275705753989,0.225679412724493
"X.Intercept.","x1.cgm","g1","g2","x2.cgm","x1.cgm.g1","x1.cgm.g2","g1.x2.cgm","g2.x2.cgm"
"1",0.240627635978102,0.342223331874629,0.240572542803378,0.214061512152632,0.33164643328185,0.336037341614645,0.290912602215235,0.321323032442724,0.31514365843476
"X.Intercept.","x1.cgm","g1","g2","x2.cgm","x1.cgm.g1","x1.cgm.g2","g1.x2.cgm","g2.x2.cgm"
"1",0.281861353738447,0.346150061701889,0.293451504093814,0.30731271893394,0.395504807028743,0.388763913884865,0.369804673626537,0.427883810542562,0.437298309543979
"X.Intercept.","x1.cgm","g1","g2","x2.cgm","x1.cgm.g1","x1.cgm.g2","g1.x2.cgm","g2.x2.cgm"
"1",0.222649421978784,0.305121089354502,0.188813871667182,0.224303782283957,0.32226131780213,0.26835138027289,0.303824244762547,0.262170054299284,0.324356596816552
"X.Intercept.","x1.cgm","g1","g2","x2.cgm","x1.cgm.g1","x1.cgm.g2","g1.x2.cgm","g2.x2.cgm"
"1",0.179756328006643,0.239383805804315,0.195776139587519,0.189576807411937,0.235168197011704,0.286404689916319,0.25069937859743,0.268421539171615,0.2805275178137
"X.Intercept.","x1.cgm","g1","g2","x2.cgm","x1.cgm.g1","x1.cgm.g2","g1.x2.cgm","g2.x2.cgm"
"1",0.198750794971664,0.258195572225446,0.236123635804564,0.22194811682942,0.272033138409829,0.311025357403545,0.278994017955039,0.321083654481572,0.290112780456889
"X.Intercept.","x1.cgm","g1","g2","x2.cgm","x1.cgm.g1","x1.cgm.g2","g1.x2.cgm","g2.x2.cgm"
"1",0.224215299270708,0.284324856761133,0.246674497342979,0.219782595010198,0.262131067670317,0.320865281228478,0.271378943085779,0.298183734041525,0.257103466873352
"X.Intercept.","x1.cgm","g1","g2","x2.cgm","x1.cgm.g1","x1.cgm.g2","g1.x2.cgm","g2.x2.cgm"
"1",0.217081078886362,0.31811770506408,0.196038047407542,0.210511363739301,0.310959077924974,0.278962889494777,0.332877260792233,0.273481546601837,0.314456462836115
"X.Intercept.","x1.cgm","g1","g2","x2.cgm","x1.cgm.g1","x1.cgm.g2","g1.x2.cgm","g2.x2.cgm"
"1",0.212630908784995,0.276217126413037,0.219415799266421,0.192947295990785,0.284322923896692,0.298153971112869,0.254170670459158,0.290976572401403,0.260537495249363
"X.Intercept.","x1.cgm","g1","g2","x2.cgm","x1.cgm.g1","x1.cgm.g2","g1.x2.cgm","g2.x2.cgm"
"1",0.175147447155569,0.253130231275106,0.180033247783528,0.209561501314138,0.271879605131341,0.248602402435084,0.309411999781067,0.270949131383579,0.324591215515447
"X.Intercept.","x1.cgm","g1","g2","x2.cgm","x1.cgm.g1","x1.cgm.g2","g1.x2.cgm","g2.x2.cgm"
"1",0.233134310772057,0.29316547062527,0.233507087710625,0.199013580244665,0.32293410278005,0.276322772490609,0.245697380343004,0.305085704758818,0.265734421020287
"X.Intercept.","x1.cgm","g1","g2","x2.cgm","x1.cgm.g1","x1.cgm.g2","g1.x2.cgm","g2.x2.cgm"
"1",0.200670511903287,0.279544195359761,0.190566087903092,0.204038950142878,0.316954242837336,0.264637637570078,0.257821398239529,0.298699136792723,0.308193424048384
"X.Intercept.","x1.cgm","g1","g2","x2.cgm","x1.cgm.g1","x1.cgm.g2","g1.x2.cgm","g2.x2.cgm"
"1",0.204272323065361,0.263378890677958,0.218073217272863,0.187083865494685,0.277478802864631,0.28600499160168,0.236920258757074,0.300425762837552,0.243986151852382
"X.Intercept.","x1.cgm","g1","g2","x2.cgm","x1.cgm.g1","x1.cgm.g2","g1.x2.cgm","g2.x2.cgm"
"1",0.199056051233644,0.26416794342245,0.228597522121915,0.203555070380087,0.265204390706392,0.304072015554436,0.26148575721103,0.314788489522182,0.263405214934652
"X.Intercept.","x1.cgm","g1","g2","x2.cgm","x1.cgm.g1","x1.cgm.g2","g1.x2.cgm","g2.x2.cgm"
"1",0.21828315241063,0.297010172028596,0.233763486635086,0.202242439407007,0.304031796305378,0.339505987835789,0.274476667680634,0.3446512614961,0.282322393503254
"X.Intercept.","x1.cgm","g1","g2","x2.cgm","x1.cgm.g1","x1.cgm.g2","g1.x2.cgm","g2.x2.cgm"
"1",0.208102195796976,0.326383259701274,0.198821207112698,0.220029359168771,0.274360793826212,0.30279557245619,0.335186737567156,0.243611328075803,0.279796049629798
"X.Intercept.","x1.cgm","g1","g2","x2.cgm","x1.cgm.g1","x1.cgm.g2","g1.x2.cgm","g2.x2.cgm"
"1",0.246450530461006,0.395120574811805,0.202186402135912,0.253973274360715,0.354934797100419,0.334652071390657,0.386617417452532,0.297937784466859,0.339048091389841
"X.Intercept.","x1.cgm","g1","g2","x2.cgm","x1.cgm.g1","x1.cgm.g2","g1.x2.cgm","g2.x2.cgm"
"1",0.271482432475992,0.377239393528644,0.233411928868067,0.245150170525276,0.298084112454409,0.333596301943632,0.352501593557929,0.262822308320431,0.279574525714083
"X.Intercept.","x1.cgm","g1","g2","x2.cgm","x1.cgm.g1","x1.cgm.g2","g1.x2.cgm","g2.x2.cgm"
"1",0.192411859774787,0.268816715304174,0.218952367504169,0.175336614003456,0.272846795402197,0.273669144749895,0.250568684406206,0.3033688562367,0.247933119707841
"X.Intercept.","x1.cgm","g1","g2","x2.cgm","x1.cgm.g1","x1.cgm.g2","g1.x2.cgm","g2.x2.cgm"
"1",0.217597044860734,0.292843343164943,0.224163880037966,0.205623166985506,0.28076637734649,0.294287567467961,0.268173652258644,0.287426081034623,0.258328431866092
"X.Intercept.","x1.cgm","g1","g2","x2.cgm","x1.cgm.g1","x1.cgm.g2","g1.x2.cgm","g2.x2.cgm"
"1",0.253989947637954,0.284851067350881,0.290424264718837,0.277147142816621,0.296428688124549,0.322235969592681,0.298082929198216,0.348073909237481,0.319039078719088
"X.Intercept.","x1.cgm","g1","g2","x2.cgm","x1.cgm.g1","x1.cgm.g2","g1.x2.cgm","g2.x2.cgm"
"1",0.223672005786158,0.296625808609916,0.243836007575046,0.221187892928416,0.262089163277801,0.317749354471907,0.292778750216551,0.301791941870991,0.244405871376629
"X.Intercept.","x1.cgm","g1","g2","x2.cgm","x1.cgm.g1","x1.cgm.g2","g1.x2.cgm","g2.x2.cgm"
"1",0.193886395172415,0.29622106483663,0.209602475668744,0.173258060930789,0.241200180072764,0.305715580774685,0.247552971223248,0.24144987470816,0.21067051561575
"X.Intercept.","x1.cgm","g1","g2","x2.cgm","x1.cgm.g1","x1.cgm.g2","g1.x2.cgm","g2.x2.cgm"
"1",0.26104043624934,0.322160687065726,0.213548559424393,0.287920780425551,0.349238274068657,0.268480886975818,0.334885674738224,0.277886531754877,0.385744895077341
"X.Intercept.","x1.cgm","g1","g2","x2.cgm","x1.cgm.g1","x1.cgm.g2","g1.x2.cgm","g2.x2.cgm"
"1",0.220733975810113,0.230035279501712,0.232899822694494,0.196882163337958,0.230136548616456,0.229725300142132,0.206237906560321,0.230761252493919,0.21108342974589
"X.Intercept.","x1.cgm","g1","g2","x2.cgm","x1.cgm.g1","x1.cgm.g2","g1.x2.cgm","g2.x2.cgm"
"1",0.302358934912895,0.394905232651509,0.291004616564134,0.258857213988444,0.347638435415287,0.388795629893296,0.344420203630943,0.313701742347281,0.323262945958947
"X.Intercept.","x1.cgm","g1","g2","x2.cgm","x1.cgm.g1","x1.cgm.g2","g1.x2.cgm","g2.x2.cgm"
"1",0.216182178994221,0.262309395878985,0.247442390403175,0.208951703539094,0.256854269386112,0.300255142051893,0.254973878747403,0.295421663142867,0.250121973023518
"X.Intercept.","x1.cgm","g1","g2","x2.cgm","x1.cgm.g1","x1.cgm.g2","g1.x2.cgm","g2.x2.cgm"
"1",0.252115880222193,0.303022379051317,0.261172140734677,0.220774102068273,0.286390906053323,0.305328046172,0.25613297252049,0.286963879142104,0.256062715171447
"X.Intercept.","x1.cgm","g1","g2","x2.cgm","x1.cgm.g1","x1.cgm.g2","g1.x2.cgm","g2.x2.cgm"
"1",0.198145043898204,0.281399857319273,0.209401958075329,0.21328650444547,0.261604177672978,0.311596810582844,0.305261403813157,0.291055550909085,0.268502337669631
"X.Intercept.","x1.cgm","g1","g2","x2.cgm","x1.cgm.g1","x1.cgm.g2","g1.x2.cgm","g2.x2.cgm"
"1",0.212774204317017,0.250200454627018,0.232716502634879,0.256667430405049,0.259760685785182,0.273613578719147,0.288872641866145,0.288146120045506,0.323484042502919
"X.Intercept.","x1.cgm","g1","g2","x2.cgm","x1.cgm.g1","x1.cgm.g2","g1.x2.cgm","g2.x2.cgm"
"1",0.218898202020935,0.270824229816489,0.263805532917616,0.239305354452692,0.340013187047108,0.329191914211071,0.290781808996057,0.410870793611121,0.372687662971929
"X.Intercept.","x1.cgm","g1","g2","x2.cgm","x1.cgm.g1","x1.cgm.g2","g1.x2.cgm","g2.x2.cgm"
"1",0.265923110431195,0.377116836965921,0.245226546303127,0.228555516700894,0.383679832577747,0.357526941448127,0.310572387441736,0.359115402862111,0.324346310006827
"X.Intercept.","x1.cgm","g1","g2","x2.cgm","x1.cgm.g1","x1.cgm.g2","g1.x2.cgm","g2.x2.cgm"
"1",0.180533308896064,0.297844086392478,0.192378140647861,0.189533541380541,0.264531488154608,0.325520968975134,0.317877192780321,0.271968883408297,0.277279132886233
"X.Intercept.","x1.cgm","g1","g2","x2.cgm","x1.cgm.g1","x1.cgm.g2","g1.x2.cgm","g2.x2.cgm"
"1",0.235572672717574,0.319251793230693,0.212880104294959,0.212400288293101,0.313535786069372,0.311229897708321,0.298630263899077,0.298330690335992,0.28621983013937
"X.Intercept.","x1.cgm","g1","g2","x2.cgm","x1.cgm.g1","x1.cgm.g2","g1.x2.cgm","g2.x2.cgm"
"1",0.281912602034598,0.420173028801148,0.264870353651572,0.25295782121279,0.422271372416006,0.395365793072015,0.361675197685464,0.412748293207256,0.368085777758104
"X.Intercept.","x1.cgm","g1","g2","x2.cgm","x1.cgm.g1","x1.cgm.g2","g1.x2.cgm","g2.x2.cgm"
"1",0.187753300874336,0.26755292783035,0.201916779237061,0.18757712718846,0.260319465301997,0.274853781019514,0.268251804343846,0.267854378663207,0.27478258682865
"X.Intercept.","x1.cgm","g1","g2","x2.cgm","x1.cgm.g1","x1.cgm.g2","g1.x2.cgm","g2.x2.cgm"
"1",0.258588647624549,0.321572625326993,0.230915684030363,0.266189253394148,0.325240825518881,0.311956242943218,0.341973574110341,0.297058263255683,0.330159381856617
"X.Intercept.","x1.cgm","g1","g2","x2.cgm","x1.cgm.g1","x1.cgm.g2","g1.x2.cgm","g2.x2.cgm"
"1",0.196777893401895,0.276624406304028,0.178387684422096,0.187764308485992,0.283083305575187,0.222236323207352,0.256131312662818,0.238476214840899,0.282233317133034
"X.Intercept.","x1.cgm","g1","g2","x2.cgm","x1.cgm.g1","x1.cgm.g2","g1.x2.cgm","g2.x2.cgm"
"1",0.221702275089001,0.237723620029208,0.234040791869617,0.273111352425163,0.283481863124087,0.250760955000025,0.312012906267664,0.289623234536063,0.366293616662739
"X.Intercept.","x1.cgm","g1","g2","x2.cgm","x1.cgm.g1","x1.cgm.g2","g1.x2.cgm","g2.x2.cgm"
"1",0.278295263738684,0.305453096338531,0.238849523244658,0.283707642615675,0.292676977596051,0.265712623235247,0.313723976358791,0.251573540717299,0.293904814523129
"X.Intercept.","x1.cgm","g1","g2","x2.cgm","x1.cgm.g1","x1.cgm.g2","g1.x2.cgm","g2.x2.cgm"
"1",0.222513308142691,0.311569924720579,0.250117291050627,0.262755145388171,0.372896991477176,0.334994047066527,0.375661086498466,0.404748630258257,0.460743643381366
"X.Intercept.","x1.cgm","g1","g2","x2.cgm","x1.cgm.g1","x1.cgm.g2","g1.x2.cgm","g2.x2.cgm"
"1",0.244585091961257,0.298367896263743,0.263169695542615,0.229211711260652,0.375225711568228,0.32916147617425,0.290103682955344,0.416516016760996,0.362549300847811
"X.Intercept.","x1.cgm","g1","g2","x2.cgm","x1.cgm.g1","x1.cgm.g2","g1.x2.cgm","g2.x2.cgm"
"1",0.195624668656786,0.278682413269757,0.212197633432706,0.21032121074152,0.290058138504364,0.290357054115325,0.285788677520974,0.300775907411991,0.309672122003818
"X.Intercept.","x1.cgm","g1","g2","x2.cgm","x1.cgm.g1","x1.cgm.g2","g1.x2.cgm","g2.x2.cgm"
"1",0.20467220380329,0.315288860183277,0.209882367349374,0.212590785655151,0.26555996528152,0.319451107320176,0.322202549385836,0.269514864575897,0.268702546985107
"X.Intercept.","x1.cgm","g1","g2","x2.cgm","x1.cgm.g1","x1.cgm.g2","g1.x2.cgm","g2.x2.cgm"
"1",0.189924490459333,0.242774194613926,0.210623153074117,0.218709287282801,0.241475390119901,0.278861180429757,0.296796479043946,0.272286515895662,0.287778800919711
"X.Intercept.","x1.cgm","g1","g2","x2.cgm","x1.cgm.g1","x1.cgm.g2","g1.x2.cgm","g2.x2.cgm"
"1",0.182116844843459,0.237605662389265,0.226484241266842,0.204168757656851,0.261900217604938,0.287396653864166,0.265687793917021,0.319739954660114,0.300768773242407
"X.Intercept.","x1.cgm","g1","g2","x2.cgm","x1.cgm.g1","x1.cgm.g2","g1.x2.cgm","g2.x2.cgm"
"1",0.260517042132277,0.34242161003523,0.236576877996923,0.246122953053039,0.362254114558769,0.313286729657735,0.312913915510604,0.324694457589729,0.345574712162973
"X.Intercept.","x1.cgm","g1","g2","x2.cgm","x1.cgm.g1","x1.cgm.g2","g1.x2.cgm","g2.x2.cgm"
"1",0.241068188737115,0.255447356722694,0.25310563576142,0.2281487823559,0.284643745716731,0.258716819337139,0.231966794953743,0.296388666345373,0.268583240968656
"X.Intercept.","x1.cgm","g1","g2","x2.cgm","x1.cgm.g1","x1.cgm.g2","g1.x2.cgm","g2.x2.cgm"
"1",0.24077548933427,0.275864586949817,0.236899910420487,0.259675295190556,0.299744154948585,0.266767034551147,0.305702749791286,0.303778770277993,0.319318022763921
"X.Intercept.","x1.cgm","g1","g2","x2.cgm","x1.cgm.g1","x1.cgm.g2","g1.x2.cgm","g2.x2.cgm"
"1",0.236486166924842,0.28244217712301,0.245120994233742,0.233570606922478,0.285171360319011,0.289079480975444,0.277995181519611,0.29390928902941,0.283620027971377
"X.Intercept.","x1.cgm","g1","g2","x2.cgm","x1.cgm.g1","x1.cgm.g2","g1.x2.cgm","g2.x2.cgm"
"1",0.207080400234035,0.264382824884026,0.216357703136116,0.189444561837287,0.273127208707164,0.2845726214663,0.234232783873529,0.284267725068596,0.244357995565204
"X.Intercept.","x1.cgm","g1","g2","x2.cgm","x1.cgm.g1","x1.cgm.g2","g1.x2.cgm","g2.x2.cgm"
"1",0.229078076151608,0.255028880309251,0.237168890685138,0.226179213323104,0.290934956020276,0.268782714085687,0.258923218447403,0.301927232236818,0.268702336394142
"X.Intercept.","x1.cgm","g1","g2","x2.cgm","x1.cgm.g1","x1.cgm.g2","g1.x2.cgm","g2.x2.cgm"
"1",0.289668848064803,0.350580378465359,0.221547360270193,0.309677120306645,0.348244792193052,0.272217285796473,0.375203035447024,0.262958058762825,0.365286365257567
"X.Intercept.","x1.cgm","g1","g2","x2.cgm","x1.cgm.g1","x1.cgm.g2","g1.x2.cgm","g2.x2.cgm"
"1",0.294749104438515,0.318072930894201,0.291991266433711,0.272733865719202,0.306629577942711,0.30107530391661,0.31535652940965,0.298289533678419,0.297949763096984
"X.Intercept.","x1.cgm","g1","g2","x2.cgm","x1.cgm.g1","x1.cgm.g2","g1.x2.cgm","g2.x2.cgm"
"1",0.215340943975382,0.278744043799075,0.204813234459911,0.196083060172405,0.264705187359748,0.255722461192088,0.251176545663733,0.23926492864653,0.24688844462558
