"X.Intercept.","x1.cwc","g1","g2","x2.cwc","x1.cwc.g1","x1.cwc.g2","g1.x2.cwc","g2.x2.cwc"
"1",0.216148592807467,0.321268924783975,0.20688596002893,0.205334516876724,0.302824973770084,0.320068886622735,0.294148199743302,0.308395052858344,0.305193466071701
"X.Intercept.","x1.cwc","g1","g2","x2.cwc","x1.cwc.g1","x1.cwc.g2","g1.x2.cwc","g2.x2.cwc"
"1",0.258760106907571,0.327948544344462,0.254846494260299,0.227142088207536,0.407521739648026,0.329198342565552,0.312594599739694,0.400530918496538,0.357819126680966
"X.Intercept.","x1.cwc","g1","g2","x2.cwc","x1.cwc.g1","x1.cwc.g2","g1.x2.cwc","g2.x2.cwc"
"1",0.228755730897036,0.299446518815439,0.209979946360775,0.206533464628567,0.373424506794978,0.26299485512936,0.265043302451923,0.330970611558918,0.337508400705726
"X.Intercept.","x1.cwc","g1","g2","x2.cwc","x1.cwc.g1","x1.cwc.g2","g1.x2.cwc","g2.x2.cwc"
"1",0.256843837930371,0.360630648819885,0.254086559524263,0.285343433268885,0.328441870889068,0.351780286177195,0.412730677136791,0.309818091965664,0.364261172875503
"X.Intercept.","x1.cwc","g1","g2","x2.cwc","x1.cwc.g1","x1.cwc.g2","g1.x2.cwc","g2.x2.cwc"
"1",0.208471243897768,0.300754968240406,0.233888734694385,0.249371399529169,0.384325686606484,0.353077765178909,0.344021452485409,0.425495283493614,0.470792007620814
"X.Intercept.","x1.cwc","g1","g2","x2.cwc","x1.cwc.g1","x1.cwc.g2","g1.x2.cwc","g2.x2.cwc"
"1",0.257761245992929,0.331347643072542,0.253261761435084,0.271779008694297,0.274477352510885,0.331572861585356,0.347099287879804,0.27727230039552,0.295777393644327
"X.Intercept.","x1.cwc","g1","g2","x2.cwc","x1.cwc.g1","x1.cwc.g2","g1.x2.cwc","g2.x2.cwc"
"1",0.282095586639913,0.336719538479848,0.228577190760113,0.297584986483336,0.357002474736105,0.281842594809273,0.33526220329909,0.291499115272655,0.359392865708666
"X.Intercept.","x1.cwc","g1","g2","x2.cwc","x1.cwc.g1","x1.cwc.g2","g1.x2.cwc","g2.x2.cwc"
"1",0.272057017127414,0.380565970546628,0.209833606077261,0.294031360395605,0.407698524216003,0.311444984481609,0.407405033660856,0.302358113318539,0.412725697117352
"X.Intercept.","x1.cwc","g1","g2","x2.cwc","x1.cwc.g1","x1.cwc.g2","g1.x2.cwc","g2.x2.cwc"
"1",0.223067041669159,0.315548540721361,0.21861479344569,0.245265146919556,0.329564155357597,0.330070213414658,0.345661803968444,0.360111410988713,0.366674520622322
"X.Intercept.","x1.cwc","g1","g2","x2.cwc","x1.cwc.g1","x1.cwc.g2","g1.x2.cwc","g2.x2.cwc"
"1",0.193241086529451,0.304013269134798,0.198642255404176,0.209975897347394,0.309795575703128,0.296645875959906,0.321384964621627,0.315868037341038,0.323460549207425
"X.Intercept.","x1.cwc","g1","g2","x2.cwc","x1.cwc.g1","x1.cwc.g2","g1.x2.cwc","g2.x2.cwc"
"1",0.246122501454022,0.282418587286683,0.262857928040905,0.243981333099155,0.224221254471222,0.29553647755279,0.278764946064196,0.260712879700015,0.231394345813297
"X.Intercept.","x1.cwc","g1","g2","x2.cwc","x1.cwc.g1","x1.cwc.g2","g1.x2.cwc","g2.x2.cwc"
"1",0.197358667347142,0.336655841614694,0.187829699289376,0.24317346208194,0.315467902454985,0.3183698204863,0.40154004119022,0.297099680922395,0.380037798402883
"X.Intercept.","x1.cwc","g1","g2","x2.cwc","x1.cwc.g1","x1.cwc.g2","g1.x2.cwc","g2.x2.cwc"
"1",0.239542281856462,0.356388841395761,0.233635507949275,0.231032898738844,0.320098989044028,0.326667450483512,0.341108623732967,0.321149596540103,0.309027115804923
"X.Intercept.","x1.cwc","g1","g2","x2.cwc","x1.cwc.g1","x1.cwc.g2","g1.x2.cwc","g2.x2.cwc"
"1",0.246671856494972,0.303250917416656,0.240621513100525,0.239982739828534,0.382774334492883,0.287736051491546,0.309123641517213,0.362113004653608,0.375156211935881
"X.Intercept.","x1.cwc","g1","g2","x2.cwc","x1.cwc.g1","x1.cwc.g2","g1.x2.cwc","g2.x2.cwc"
"1",0.203965450175437,0.297440709172387,0.200482964751685,0.205708946880221,0.3103248558162,0.271148113654373,0.3044695630446,0.293556678116128,0.321799304967064
"X.Intercept.","x1.cwc","g1","g2","x2.cwc","x1.cwc.g1","x1.cwc.g2","g1.x2.cwc","g2.x2.cwc"
"1",0.214279540337378,0.31495018128943,0.208022337496871,0.217328303533015,0.306397253725409,0.297943526137689,0.324059392994599,0.309880237644649,0.309378310452185
"X.Intercept.","x1.cwc","g1","g2","x2.cwc","x1.cwc.g1","x1.cwc.g2","g1.x2.cwc","g2.x2.cwc"
"1",0.254600220090334,0.286994297487811,0.219921332290032,0.262967767813813,0.282879696098885,0.263793037405263,0.279772936931383,0.2612886847455,0.300249943728727
"X.Intercept.","x1.cwc","g1","g2","x2.cwc","x1.cwc.g1","x1.cwc.g2","g1.x2.cwc","g2.x2.cwc"
"1",0.204910523980078,0.306031147726813,0.222206003045699,0.211221074377606,0.312409529341792,0.335755202466003,0.302714557048401,0.346989071431607,0.309530255768683
"X.Intercept.","x1.cwc","g1","g2","x2.cwc","x1.cwc.g1","x1.cwc.g2","g1.x2.cwc","g2.x2.cwc"
"1",0.230177093666744,0.277448750655795,0.222422502417956,0.265472820279733,0.319708411430014,0.281801022743209,0.326099592532313,0.30995972997406,0.368271173612752
"X.Intercept.","x1.cwc","g1","g2","x2.cwc","x1.cwc.g1","x1.cwc.g2","g1.x2.cwc","g2.x2.cwc"
"1",0.22420276250244,0.438312114681291,0.212978271968321,0.211310424840218,0.353578844201842,0.421509044581819,0.41685693270506,0.34012626867427,0.334061910808004
"X.Intercept.","x1.cwc","g1","g2","x2.cwc","x1.cwc.g1","x1.cwc.g2","g1.x2.cwc","g2.x2.cwc"
"1",0.271606627023067,0.302023239625403,0.279242405538108,0.220802588745819,0.2947142184927,0.309465144949801,0.248608757914373,0.308659417679259,0.231287613522353
"X.Intercept.","x1.cwc","g1","g2","x2.cwc","x1.cwc.g1","x1.cwc.g2","g1.x2.cwc","g2.x2.cwc"
"1",0.250823803092633,0.454256715307575,0.216033827875152,0.280950557717606,0.353517954799282,0.39425066518815,0.50640908525391,0.298261226965613,0.395462484619404
"X.Intercept.","x1.cwc","g1","g2","x2.cwc","x1.cwc.g1","x1.cwc.g2","g1.x2.cwc","g2.x2.cwc"
"1",0.234471889694018,0.275274105647544,0.212329566448977,0.246664964799405,0.305147693058047,0.255466892978095,0.260346383695897,0.267308420966409,0.304105919162083
"X.Intercept.","x1.cwc","g1","g2","x2.cwc","x1.cwc.g1","x1.cwc.g2","g1.x2.cwc","g2.x2.cwc"
"1",0.250819801269484,0.338166924351236,0.237446379561082,0.24581054591257,0.35477809055947,0.310985721389283,0.338092921367305,0.337404842001517,0.343087883171854
"X.Intercept.","x1.cwc","g1","g2","x2.cwc","x1.cwc.g1","x1.cwc.g2","g1.x2.cwc","g2.x2.cwc"
"1",0.194836411071435,0.282876228193286,0.210857913994648,0.193301483791357,0.262801661121913,0.313360818064457,0.274219619592852,0.288338044725544,0.257839650930935
"X.Intercept.","x1.cwc","g1","g2","x2.cwc","x1.cwc.g1","x1.cwc.g2","g1.x2.cwc","g2.x2.cwc"
"1",0.218329728611953,0.28564530385417,0.200670878530785,0.258200217682504,0.276304111471414,0.239496559303955,0.377362229849163,0.236485474906115,0.347914449823734
"X.Intercept.","x1.cwc","g1","g2","x2.cwc","x1.cwc.g1","x1.cwc.g2","g1.x2.cwc","g2.x2.cwc"
"1",0.297505232507415,0.410950293487042,0.252816514345678,0.237458423843501,0.350793269290687,0.345734936789584,0.320968018285135,0.298714770385258,0.2814034769168
"X.Intercept.","x1.cwc","g1","g2","x2.cwc","x1.cwc.g1","x1.cwc.g2","g1.x2.cwc","g2.x2.cwc"
"1",0.19919422813525,0.29810861926527,0.208545088346442,0.193911685643144,0.387856733791889,0.287938566825467,0.278822184231406,0.433447596367367,0.364051059610408
"X.Intercept.","x1.cwc","g1","g2","x2.cwc","x1.cwc.g1","x1.cwc.g2","g1.x2.cwc","g2.x2.cwc"
"1",0.36613298308231,0.44227815229163,0.311388726133261,0.367722621937627,0.381544058988312,0.36976799652717,0.436404912471928,0.321089854031931,0.355656873286517
"X.Intercept.","x1.cwc","g1","g2","x2.cwc","x1.cwc.g1","x1.cwc.g2","g1.x2.cwc","g2.x2.cwc"
"1",0.284204278673299,0.419817814667405,0.252709313875487,0.22164169309352,0.431961067127074,0.412975734614217,0.316610323542311,0.398319388411172,0.331741045510218
"X.Intercept.","x1.cwc","g1","g2","x2.cwc","x1.cwc.g1","x1.cwc.g2","g1.x2.cwc","g2.x2.cwc"
"1",0.212910364993422,0.294552815923604,0.241708713627281,0.20249872581418,0.319294836245147,0.319464503775566,0.3038836626256,0.332215400022333,0.308793197557641
"X.Intercept.","x1.cwc","g1","g2","x2.cwc","x1.cwc.g1","x1.cwc.g2","g1.x2.cwc","g2.x2.cwc"
"1",0.263523417788225,0.345057374356579,0.275049181464823,0.277657546211721,0.30996896062675,0.352845860216448,0.361982522901882,0.329177259685964,0.322998196000136
"X.Intercept.","x1.cwc","g1","g2","x2.cwc","x1.cwc.g1","x1.cwc.g2","g1.x2.cwc","g2.x2.cwc"
"1",0.195799223623309,0.286376003330344,0.187419911530019,0.231864138078381,0.261873802344776,0.279411273900702,0.349644337658772,0.246744068373156,0.310069755124731
"X.Intercept.","x1.cwc","g1","g2","x2.cwc","x1.cwc.g1","x1.cwc.g2","g1.x2.cwc","g2.x2.cwc"
"1",0.209348040515149,0.318513319141024,0.189415251606656,0.220994257337669,0.306524208595706,0.297457991682487,0.339078019067,0.285717951748625,0.334072849610416
"X.Intercept.","x1.cwc","g1","g2","x2.cwc","x1.cwc.g1","x1.cwc.g2","g1.x2.cwc","g2.x2.cwc"
"1",0.240872227709208,0.281073980955782,0.228903483258793,0.240141401174751,0.299752670336753,0.266298357361298,0.295294878084712,0.272924958779626,0.311772430662343
"X.Intercept.","x1.cwc","g1","g2","x2.cwc","x1.cwc.g1","x1.cwc.g2","g1.x2.cwc","g2.x2.cwc"
"1",0.187198004438877,0.285111183165219,0.205676796772124,0.181029971520194,0.289782110128512,0.30548159009851,0.276199244482053,0.325339817596303,0.2836658335385
"X.Intercept.","x1.cwc","g1","g2","x2.cwc","x1.cwc.g1","x1.cwc.g2","g1.x2.cwc","g2.x2.cwc"
"1",0.214798829359746,0.285082541080283,0.214503352381095,0.250376091240174,0.266777562096461,0.284739695870393,0.358198381556165,0.273163982446242,0.33292523651661
"X.Intercept.","x1.cwc","g1","g2","x2.cwc","x1.cwc.g1","x1.cwc.g2","g1.x2.cwc","g2.x2.cwc"
"1",0.23932291347499,0.30516558399353,0.273125300913544,0.219469208840355,0.281452507908767,0.365986063070334,0.269010086893629,0.325497244242209,0.263538250182627
"X.Intercept.","x1.cwc","g1","g2","x2.cwc","x1.cwc.g1","x1.cwc.g2","g1.x2.cwc","g2.x2.cwc"
"1",0.234206625317441,0.369032901108061,0.245118277211175,0.233285180871579,0.297492885227349,0.371009036409249,0.381630983680052,0.324385931289537,0.313892449504817
"X.Intercept.","x1.cwc","g1","g2","x2.cwc","x1.cwc.g1","x1.cwc.g2","g1.x2.cwc","g2.x2.cwc"
"1",0.161396975714513,0.250057610459912,0.218010000257803,0.156222721235605,0.227346601476769,0.335219218809244,0.251725006358319,0.289437341020474,0.230543357930604
"X.Intercept.","x1.cwc","g1","g2","x2.cwc","x1.cwc.g1","x1.cwc.g2","g1.x2.cwc","g2.x2.cwc"
"1",0.217613963510378,0.337952201452921,0.210434573184269,0.195633563892659,0.326081426330679,0.325694436233703,0.301799084541246,0.298735461807489,0.298750138674027
"X.Intercept.","x1.cwc","g1","g2","x2.cwc","x1.cwc.g1","x1.cwc.g2","g1.x2.cwc","g2.x2.cwc"
"1",0.177431803284577,0.241473862453332,0.24898096870743,0.19027145003941,0.223161833060879,0.329773759507305,0.231460856737573,0.313205356936301,0.238488921188205
"X.Intercept.","x1.cwc","g1","g2","x2.cwc","x1.cwc.g1","x1.cwc.g2","g1.x2.cwc","g2.x2.cwc"
"1",0.204384316218619,0.36560475178695,0.220701216392684,0.191306414011746,0.330024026109962,0.408447344558475,0.364215147301782,0.367278944640679,0.32979067026512
"X.Intercept.","x1.cwc","g1","g2","x2.cwc","x1.cwc.g1","x1.cwc.g2","g1.x2.cwc","g2.x2.cwc"
"1",0.199213738545386,0.24637488215447,0.190964738744743,0.241794543472825,0.255838845313982,0.243371217045917,0.307635767298534,0.24492720418533,0.320929156212931
"X.Intercept.","x1.cwc","g1","g2","x2.cwc","x1.cwc.g1","x1.cwc.g2","g1.x2.cwc","g2.x2.cwc"
"1",0.25841919572071,0.398733151094275,0.218139652735588,0.24262891727953,0.308449056577427,0.334490289386253,0.401016572005599,0.258997945802725,0.318087278955049
"X.Intercept.","x1.cwc","g1","g2","x2.cwc","x1.cwc.g1","x1.cwc.g2","g1.x2.cwc","g2.x2.cwc"
"1",0.273362096621127,0.324582790941472,0.28928430264024,0.306879945548437,0.289858847406914,0.338902208559289,0.377123711474222,0.316407235268518,0.321396237916756
"X.Intercept.","x1.cwc","g1","g2","x2.cwc","x1.cwc.g1","x1.cwc.g2","g1.x2.cwc","g2.x2.cwc"
"1",0.211910195455989,0.265621002714578,0.205745767680535,0.24290326941291,0.303908660674407,0.247723398861843,0.302547037880905,0.292453301112406,0.325592971181546
"X.Intercept.","x1.cwc","g1","g2","x2.cwc","x1.cwc.g1","x1.cwc.g2","g1.x2.cwc","g2.x2.cwc"
"1",0.198654503864331,0.304223114833322,0.227858727821743,0.201544954650752,0.292560427455769,0.357679903958406,0.305725417872136,0.345319514672548,0.306185814979504
"X.Intercept.","x1.cwc","g1","g2","x2.cwc","x1.cwc.g1","x1.cwc.g2","g1.x2.cwc","g2.x2.cwc"
"1",0.2042165594835,0.320752842362926,0.212500878983339,0.263733392755692,0.28434073280447,0.323884691390349,0.434501328805235,0.292289872529844,0.398299572205898
"X.Intercept.","x1.cwc","g1","g2","x2.cwc","x1.cwc.g1","x1.cwc.g2","g1.x2.cwc","g2.x2.cwc"
"1",0.201561652285585,0.302367016403847,0.201953403307273,0.215117126763524,0.271647000130273,0.31247122896399,0.310426933428,0.287478850255764,0.272693986640796
"X.Intercept.","x1.cwc","g1","g2","x2.cwc","x1.cwc.g1","x1.cwc.g2","g1.x2.cwc","g2.x2.cwc"
"1",0.216231743869653,0.334885445451856,0.238887555645477,0.199745572681532,0.425221542087197,0.371983854245022,0.316506031946557,0.462726961023361,0.391423441224389
"X.Intercept.","x1.cwc","g1","g2","x2.cwc","x1.cwc.g1","x1.cwc.g2","g1.x2.cwc","g2.x2.cwc"
"1",0.299884108209663,0.38861239895694,0.258932062671717,0.257375065751802,0.348238433093527,0.338185235347306,0.344365999960673,0.31883660417201,0.313327905689875
"X.Intercept.","x1.cwc","g1","g2","x2.cwc","x1.cwc.g1","x1.cwc.g2","g1.x2.cwc","g2.x2.cwc"
"1",0.218003684313238,0.237625802162525,0.28923782583845,0.244643718640907,0.302349095027666,0.318956453524924,0.264150807923803,0.382847715874803,0.340395169944497
"X.Intercept.","x1.cwc","g1","g2","x2.cwc","x1.cwc.g1","x1.cwc.g2","g1.x2.cwc","g2.x2.cwc"
"1",0.203916780923564,0.280336727004078,0.258545896179773,0.216574960780444,0.269751940459228,0.350561514186572,0.30676133828627,0.354698013644308,0.294251681133579
"X.Intercept.","x1.cwc","g1","g2","x2.cwc","x1.cwc.g1","x1.cwc.g2","g1.x2.cwc","g2.x2.cwc"
"1",0.20854048187469,0.253589299284734,0.255567819038777,0.177681957442671,0.253860400301944,0.298143870105089,0.21055529421273,0.304754573441268,0.221663522476358
"X.Intercept.","x1.cwc","g1","g2","x2.cwc","x1.cwc.g1","x1.cwc.g2","g1.x2.cwc","g2.x2.cwc"
"1",0.225727975351457,0.347608640871396,0.216979342799809,0.230051366311847,0.319172123504219,0.334223043002954,0.360975145735381,0.294679271766201,0.33576470743121
"X.Intercept.","x1.cwc","g1","g2","x2.cwc","x1.cwc.g1","x1.cwc.g2","g1.x2.cwc","g2.x2.cwc"
"1",0.21894080446706,0.308883058816271,0.252049168813085,0.240995604647903,0.297823782188811,0.366595669327195,0.343500050261277,0.332100403925249,0.330053914456781
"X.Intercept.","x1.cwc","g1","g2","x2.cwc","x1.cwc.g1","x1.cwc.g2","g1.x2.cwc","g2.x2.cwc"
"1",0.213614087019673,0.272787968271182,0.2460357337859,0.215091363974965,0.283909110151011,0.333697556655687,0.275554218578419,0.34945322115269,0.285322522160419
"X.Intercept.","x1.cwc","g1","g2","x2.cwc","x1.cwc.g1","x1.cwc.g2","g1.x2.cwc","g2.x2.cwc"
"1",0.217862023792904,0.342433116532871,0.188681693787991,0.234286399170372,0.353580781502759,0.311384246488125,0.37848068213807,0.322770063977125,0.377259250857709
"X.Intercept.","x1.cwc","g1","g2","x2.cwc","x1.cwc.g1","x1.cwc.g2","g1.x2.cwc","g2.x2.cwc"
"1",0.223505742940569,0.320668264548659,0.230568155583633,0.210653896458725,0.294138912531765,0.331356761194446,0.303452443681186,0.308586767718317,0.282322782527748
"X.Intercept.","x1.cwc","g1","g2","x2.cwc","x1.cwc.g1","x1.cwc.g2","g1.x2.cwc","g2.x2.cwc"
"1",0.177445296302804,0.270047296991239,0.2136787347189,0.185221376204366,0.22834942652922,0.330639387270239,0.276456281348404,0.292016479491685,0.246375566840211
"X.Intercept.","x1.cwc","g1","g2","x2.cwc","x1.cwc.g1","x1.cwc.g2","g1.x2.cwc","g2.x2.cwc"
"1",0.258117497559668,0.368519928596625,0.226440531144948,0.299687843802365,0.350119345174792,0.325077400372116,0.434839695707714,0.322605668910716,0.411332305029873
"X.Intercept.","x1.cwc","g1","g2","x2.cwc","x1.cwc.g1","x1.cwc.g2","g1.x2.cwc","g2.x2.cwc"
"1",0.344716830612045,0.30474789447462,0.371659980982879,0.333393195960087,0.290396898747098,0.322772774050276,0.304600224760347,0.318762654940465,0.298864238850161
"X.Intercept.","x1.cwc","g1","g2","x2.cwc","x1.cwc.g1","x1.cwc.g2","g1.x2.cwc","g2.x2.cwc"
"1",0.2367390629388,0.295267120442321,0.224594177770403,0.205222356736422,0.36270436205078,0.275781407206832,0.241393122364504,0.343391897090986,0.303708760680454
"X.Intercept.","x1.cwc","g1","g2","x2.cwc","x1.cwc.g1","x1.cwc.g2","g1.x2.cwc","g2.x2.cwc"
"1",0.189262897118759,0.270409990975377,0.183316961471068,0.183423602482486,0.28019966184535,0.293592404634484,0.254674907575214,0.29292964166301,0.267476596688555
"X.Intercept.","x1.cwc","g1","g2","x2.cwc","x1.cwc.g1","x1.cwc.g2","g1.x2.cwc","g2.x2.cwc"
"1",0.221696869094514,0.382183948877553,0.237176249654773,0.218806520184595,0.327912406659986,0.396921420190123,0.372297213627637,0.348846856320342,0.331969104290592
"X.Intercept.","x1.cwc","g1","g2","x2.cwc","x1.cwc.g1","x1.cwc.g2","g1.x2.cwc","g2.x2.cwc"
"1",0.221191401788514,0.321016886067668,0.208974043657176,0.252812938488949,0.259104814012196,0.297072267313274,0.379415126976115,0.233070199952506,0.309991685910032
"X.Intercept.","x1.cwc","g1","g2","x2.cwc","x1.cwc.g1","x1.cwc.g2","g1.x2.cwc","g2.x2.cwc"
"1",0.24135363328065,0.350700260434331,0.220849767394623,0.214017778926499,0.347933949015579,0.341632347413304,0.308638344229381,0.317366073341551,0.333785140544087
"X.Intercept.","x1.cwc","g1","g2","x2.cwc","x1.cwc.g1","x1.cwc.g2","g1.x2.cwc","g2.x2.cwc"
"1",0.281119810300644,0.306113489981731,0.287813248683519,0.299244646231559,0.330373109384535,0.315147188806777,0.335228972615876,0.359605721756972,0.345471214718345
"X.Intercept.","x1.cwc","g1","g2","x2.cwc","x1.cwc.g1","x1.cwc.g2","g1.x2.cwc","g2.x2.cwc"
"1",0.222186250869538,0.32893779042765,0.209592703509951,0.214290197238859,0.30503380481951,0.294231162273329,0.29678017255103,0.295046649585198,0.285588900860612
"X.Intercept.","x1.cwc","g1","g2","x2.cwc","x1.cwc.g1","x1.cwc.g2","g1.x2.cwc","g2.x2.cwc"
"1",0.22215627335231,0.252578998629178,0.233183340095891,0.275238732710841,0.243476105524015,0.253053421689703,0.324332085754958,0.253130135276703,0.313304169532643
"X.Intercept.","x1.cwc","g1","g2","x2.cwc","x1.cwc.g1","x1.cwc.g2","g1.x2.cwc","g2.x2.cwc"
"1",0.194365810246124,0.25792835549024,0.198248721864491,0.191536024161759,0.30721214593903,0.268820280538939,0.262287526633254,0.307883463570191,0.297560112129088
"X.Intercept.","x1.cwc","g1","g2","x2.cwc","x1.cwc.g1","x1.cwc.g2","g1.x2.cwc","g2.x2.cwc"
"1",0.255973462042805,0.333128192745939,0.246748578697941,0.256855924035838,0.3006173938433,0.309005858647094,0.310715117747877,0.289430487129733,0.290974380007955
"X.Intercept.","x1.cwc","g1","g2","x2.cwc","x1.cwc.g1","x1.cwc.g2","g1.x2.cwc","g2.x2.cwc"
"1",0.248618807663523,0.339095135008029,0.221620218229947,0.23606918175786,0.312717443046178,0.30582092841672,0.316079605387784,0.29230721028967,0.28677491761183
"X.Intercept.","x1.cwc","g1","g2","x2.cwc","x1.cwc.g1","x1.cwc.g2","g1.x2.cwc","g2.x2.cwc"
"1",0.284487845518767,0.333122501794906,0.297483948831002,0.272808370020759,0.276253666889797,0.366641905983657,0.321965171251927,0.310400325235915,0.253509964745404
"X.Intercept.","x1.cwc","g1","g2","x2.cwc","x1.cwc.g1","x1.cwc.g2","g1.x2.cwc","g2.x2.cwc"
"1",0.27999037944983,0.3100033987479,0.302938295564772,0.277343710087452,0.34102271931587,0.335208439779495,0.307114113060826,0.353794009195638,0.342827839654926
"X.Intercept.","x1.cwc","g1","g2","x2.cwc","x1.cwc.g1","x1.cwc.g2","g1.x2.cwc","g2.x2.cwc"
"1",0.274796926728214,0.331598364688497,0.276287910935839,0.24623911256594,0.395602438330165,0.351192152353802,0.282617439806179,0.437481954959292,0.364419617625172
"X.Intercept.","x1.cwc","g1","g2","x2.cwc","x1.cwc.g1","x1.cwc.g2","g1.x2.cwc","g2.x2.cwc"
"1",0.221390219299157,0.296359029066128,0.217741167843613,0.212102409223207,0.24121702478081,0.289063250764283,0.286716816819675,0.237353028841399,0.226669651763243
"X.Intercept.","x1.cwc","g1","g2","x2.cwc","x1.cwc.g1","x1.cwc.g2","g1.x2.cwc","g2.x2.cwc"
"1",0.287971281516737,0.343509096821243,0.354391064959288,0.268060527960336,0.320461411397037,0.437409885213531,0.315829499412179,0.401212326015342,0.310651903090782
"X.Intercept.","x1.cwc","g1","g2","x2.cwc","x1.cwc.g1","x1.cwc.g2","g1.x2.cwc","g2.x2.cwc"
"1",0.22795215076764,0.277475735540012,0.270591413384737,0.210809183613007,0.296180517009241,0.315398286961587,0.254274120123306,0.345542034841634,0.277403028738176
"X.Intercept.","x1.cwc","g1","g2","x2.cwc","x1.cwc.g1","x1.cwc.g2","g1.x2.cwc","g2.x2.cwc"
"1",0.264157717319608,0.253342325041246,0.233336525346562,0.25878645441655,0.32874007976776,0.234727111733516,0.245940976844892,0.296861626601524,0.313250970426232
"X.Intercept.","x1.cwc","g1","g2","x2.cwc","x1.cwc.g1","x1.cwc.g2","g1.x2.cwc","g2.x2.cwc"
"1",0.223976865701795,0.335969395438597,0.227950482424072,0.198715433431674,0.337253766156658,0.326131409217603,0.293964248445634,0.331452987423293,0.29692211294205
"X.Intercept.","x1.cwc","g1","g2","x2.cwc","x1.cwc.g1","x1.cwc.g2","g1.x2.cwc","g2.x2.cwc"
"1",0.203645057826194,0.308943113503855,0.22486072887527,0.1992009695233,0.299034900657608,0.329109697371935,0.291529090917971,0.310033485506858,0.274702060108912
"X.Intercept.","x1.cwc","g1","g2","x2.cwc","x1.cwc.g1","x1.cwc.g2","g1.x2.cwc","g2.x2.cwc"
"1",0.256584377965499,0.380374224859573,0.24569731204939,0.209754640900446,0.385772899029106,0.349882585223161,0.302191840993374,0.371060192109676,0.322790598255678
"X.Intercept.","x1.cwc","g1","g2","x2.cwc","x1.cwc.g1","x1.cwc.g2","g1.x2.cwc","g2.x2.cwc"
"1",0.232388880242481,0.265200558927617,0.223270970908019,0.245261217932578,0.305056429869404,0.24516556636817,0.275995653409053,0.293218608610612,0.326389788187453
"X.Intercept.","x1.cwc","g1","g2","x2.cwc","x1.cwc.g1","x1.cwc.g2","g1.x2.cwc","g2.x2.cwc"
"1",0.250973356675395,0.350771288299483,0.256328377053078,0.255235027735785,0.372086734516342,0.351469124280421,0.333569021126942,0.359155886705637,0.366539931279029
"X.Intercept.","x1.cwc","g1","g2","x2.cwc","x1.cwc.g1","x1.cwc.g2","g1.x2.cwc","g2.x2.cwc"
"1",0.246488887450675,0.355793480604709,0.235590520727521,0.230615533788725,0.353783673890236,0.345403707646093,0.337083316004426,0.348879717215062,0.349755995723614
"X.Intercept.","x1.cwc","g1","g2","x2.cwc","x1.cwc.g1","x1.cwc.g2","g1.x2.cwc","g2.x2.cwc"
"1",0.210739432056119,0.277417072212577,0.1951761406566,0.209649000510198,0.305591556082595,0.250236338164027,0.267344115569776,0.289835900396629,0.307469038151058
"X.Intercept.","x1.cwc","g1","g2","x2.cwc","x1.cwc.g1","x1.cwc.g2","g1.x2.cwc","g2.x2.cwc"
"1",0.250691495380487,0.329546229073429,0.226180181891061,0.247318274752598,0.339176145685418,0.287570234413528,0.318311868003277,0.307992866779615,0.333707150804669
"X.Intercept.","x1.cwc","g1","g2","x2.cwc","x1.cwc.g1","x1.cwc.g2","g1.x2.cwc","g2.x2.cwc"
"1",0.209949588688361,0.329599764342494,0.183843858067368,0.178189792742587,0.335269468060215,0.29285530954251,0.288727987085872,0.295580443812335,0.294102601175847
"X.Intercept.","x1.cwc","g1","g2","x2.cwc","x1.cwc.g1","x1.cwc.g2","g1.x2.cwc","g2.x2.cwc"
"1",0.198000043959731,0.328966184157723,0.246047688189686,0.195117927687838,0.318001982040909,0.412994279030866,0.328155703720643,0.38983677930815,0.307561906851361
"X.Intercept.","x1.cwc","g1","g2","x2.cwc","x1.cwc.g1","x1.cwc.g2","g1.x2.cwc","g2.x2.cwc"
"1",0.211626136895777,0.33116609096446,0.200003405724196,0.215398354636256,0.310116195726036,0.312227778698816,0.336033865060073,0.278197049534172,0.351980171413269
"X.Intercept.","x1.cwc","g1","g2","x2.cwc","x1.cwc.g1","x1.cwc.g2","g1.x2.cwc","g2.x2.cwc"
"1",0.248362664514634,0.32433850376605,0.264794258645687,0.235120214994949,0.310109608984865,0.339093977288169,0.297930587726,0.318180555019322,0.293129797197592
"X.Intercept.","x1.cwc","g1","g2","x2.cwc","x1.cwc.g1","x1.cwc.g2","g1.x2.cwc","g2.x2.cwc"
"1",0.273450403895143,0.311284153867707,0.258687710175506,0.313648867944892,0.277284221661902,0.309391027306483,0.365573105435301,0.268941777435449,0.324621493771789
"X.Intercept.","x1.cwc","g1","g2","x2.cwc","x1.cwc.g1","x1.cwc.g2","g1.x2.cwc","g2.x2.cwc"
"1",0.20807411544806,0.285599929967855,0.197186544447213,0.249649370345511,0.301115641563847,0.27681167327748,0.35922077449961,0.285331618071931,0.390766845505352
"X.Intercept.","x1.cwc","g1","g2","x2.cwc","x1.cwc.g1","x1.cwc.g2","g1.x2.cwc","g2.x2.cwc"
"1",0.239488887284908,0.298165129650468,0.21114692028562,0.267481061566248,0.342004174885068,0.27025762499222,0.330912534271904,0.294064418514598,0.370975582941186
"X.Intercept.","x1.cwc","g1","g2","x2.cwc","x1.cwc.g1","x1.cwc.g2","g1.x2.cwc","g2.x2.cwc"
"1",0.301210360669334,0.374854497950463,0.352409707405824,0.240044536411403,0.357758989081065,0.451166815413942,0.297444628910324,0.407922700389753,0.2889342718438
"X.Intercept.","x1.cwc","g1","g2","x2.cwc","x1.cwc.g1","x1.cwc.g2","g1.x2.cwc","g2.x2.cwc"
"1",0.225244881612502,0.290003941386037,0.216577557521315,0.215169536479897,0.308249839807892,0.284272217836672,0.290950321439762,0.278289717426905,0.307660012848901
"X.Intercept.","x1.cwc","g1","g2","x2.cwc","x1.cwc.g1","x1.cwc.g2","g1.x2.cwc","g2.x2.cwc"
"1",0.254925056332843,0.403103528215973,0.255390018138381,0.244900511399505,0.366777003964957,0.420046571560478,0.395427333331413,0.373000141515363,0.355622750264466
"X.Intercept.","x1.cwc","g1","g2","x2.cwc","x1.cwc.g1","x1.cwc.g2","g1.x2.cwc","g2.x2.cwc"
"1",0.250989271398543,0.250741513667465,0.242152357542081,0.262300658471606,0.280451668871361,0.233676580952532,0.27645070154247,0.265613951895058,0.29722317979046
"X.Intercept.","x1.cwc","g1","g2","x2.cwc","x1.cwc.g1","x1.cwc.g2","g1.x2.cwc","g2.x2.cwc"
"1",0.229370978927596,0.280018654629891,0.210373904251414,0.27756189388152,0.295061804938129,0.270584410340244,0.327356365015073,0.272091357292178,0.346995660081824
"X.Intercept.","x1.cwc","g1","g2","x2.cwc","x1.cwc.g1","x1.cwc.g2","g1.x2.cwc","g2.x2.cwc"
"1",0.300888720203382,0.328703394258363,0.281270776802841,0.29461297457456,0.388174704058374,0.293733242282256,0.31173928321226,0.358475501266139,0.365208549468986
"X.Intercept.","x1.cwc","g1","g2","x2.cwc","x1.cwc.g1","x1.cwc.g2","g1.x2.cwc","g2.x2.cwc"
"1",0.220994271455359,0.337213008826045,0.23121193080837,0.202988610988326,0.32467792827156,0.342643562636673,0.313464753944861,0.338898776367182,0.297888851941502
"X.Intercept.","x1.cwc","g1","g2","x2.cwc","x1.cwc.g1","x1.cwc.g2","g1.x2.cwc","g2.x2.cwc"
"1",0.211230458178423,0.252733738963297,0.246938714799449,0.236277063823969,0.265733313324831,0.28604573273284,0.293038817708486,0.310197944665137,0.291182946773107
"X.Intercept.","x1.cwc","g1","g2","x2.cwc","x1.cwc.g1","x1.cwc.g2","g1.x2.cwc","g2.x2.cwc"
"1",0.254808588202577,0.37864351641998,0.234418264259255,0.210310139552663,0.389718982839219,0.339267317871757,0.318248869473027,0.346200585928972,0.32935031736262
"X.Intercept.","x1.cwc","g1","g2","x2.cwc","x1.cwc.g1","x1.cwc.g2","g1.x2.cwc","g2.x2.cwc"
"1",0.211778358857251,0.291154435787778,0.198301653815125,0.223395797333273,0.284494066281652,0.243522674698683,0.299742103870771,0.235120376201694,0.2985351881323
"X.Intercept.","x1.cwc","g1","g2","x2.cwc","x1.cwc.g1","x1.cwc.g2","g1.x2.cwc","g2.x2.cwc"
"1",0.22862148035941,0.282635262287852,0.230509688332875,0.226040508583205,0.245366005238368,0.283451243512857,0.276037915634808,0.252261890816346,0.240983211135627
"X.Intercept.","x1.cwc","g1","g2","x2.cwc","x1.cwc.g1","x1.cwc.g2","g1.x2.cwc","g2.x2.cwc"
"1",0.223968347916939,0.301911844912831,0.204976649131651,0.21144378083141,0.312149218006388,0.256853150067933,0.268059056719568,0.281483950417412,0.284067977403727
"X.Intercept.","x1.cwc","g1","g2","x2.cwc","x1.cwc.g1","x1.cwc.g2","g1.x2.cwc","g2.x2.cwc"
"1",0.23365312666138,0.308880191086935,0.205161811785547,0.231777421897775,0.300818954376959,0.271190749992843,0.328127488313151,0.253518597605578,0.301699068723172
"X.Intercept.","x1.cwc","g1","g2","x2.cwc","x1.cwc.g1","x1.cwc.g2","g1.x2.cwc","g2.x2.cwc"
"1",0.317135128466365,0.278111920280926,0.326888624261328,0.320728460054607,0.320441096362131,0.288101113746045,0.275244514044491,0.318124480616827,0.307099841845527
"X.Intercept.","x1.cwc","g1","g2","x2.cwc","x1.cwc.g1","x1.cwc.g2","g1.x2.cwc","g2.x2.cwc"
"1",0.201510931475367,0.303100365963421,0.20740997836894,0.194637231036962,0.353843332867506,0.30761158807106,0.292578846481045,0.37337437519254,0.325688199441356
"X.Intercept.","x1.cwc","g1","g2","x2.cwc","x1.cwc.g1","x1.cwc.g2","g1.x2.cwc","g2.x2.cwc"
"1",0.207333173984584,0.29415116534912,0.237581451295376,0.197033466336947,0.268945884150478,0.337337044749417,0.276161851384245,0.309513769197496,0.263396983675998
"X.Intercept.","x1.cwc","g1","g2","x2.cwc","x1.cwc.g1","x1.cwc.g2","g1.x2.cwc","g2.x2.cwc"
"1",0.179732913481385,0.266819787251848,0.194019460013964,0.243012204394231,0.306892092732874,0.286150848781701,0.378307884138419,0.329501853598952,0.421834514905073
"X.Intercept.","x1.cwc","g1","g2","x2.cwc","x1.cwc.g1","x1.cwc.g2","g1.x2.cwc","g2.x2.cwc"
"1",0.197530473853958,0.31836988036974,0.195677615117062,0.217814976097045,0.394055800382507,0.314378862531654,0.341604856327079,0.38025446654824,0.430293232455814
"X.Intercept.","x1.cwc","g1","g2","x2.cwc","x1.cwc.g1","x1.cwc.g2","g1.x2.cwc","g2.x2.cwc"
"1",0.249310357467322,0.35774467064468,0.230432285112469,0.217419756821551,0.322276230828933,0.320218002664167,0.311124790584123,0.30064764862647,0.280785314276686
"X.Intercept.","x1.cwc","g1","g2","x2.cwc","x1.cwc.g1","x1.cwc.g2","g1.x2.cwc","g2.x2.cwc"
"1",0.201879689976115,0.274017520379828,0.192650287672518,0.22513541806581,0.266817417235409,0.26858570459391,0.332906611452823,0.270848168499937,0.306514569961658
"X.Intercept.","x1.cwc","g1","g2","x2.cwc","x1.cwc.g1","x1.cwc.g2","g1.x2.cwc","g2.x2.cwc"
"1",0.247707330994621,0.336597592105675,0.27204852492803,0.224475731004046,0.364725286113848,0.38692005494371,0.309983969165443,0.399123892555908,0.364635422687802
"X.Intercept.","x1.cwc","g1","g2","x2.cwc","x1.cwc.g1","x1.cwc.g2","g1.x2.cwc","g2.x2.cwc"
"1",0.256859435458367,0.320697659593202,0.262903451330048,0.245697317205514,0.322894730065023,0.360278676167318,0.322404840031623,0.356402850250167,0.315018073348631
"X.Intercept.","x1.cwc","g1","g2","x2.cwc","x1.cwc.g1","x1.cwc.g2","g1.x2.cwc","g2.x2.cwc"
"1",0.27668623267436,0.327289865086889,0.26435261567611,0.315242878539171,0.341528787770735,0.360950984441587,0.38476894787993,0.34642556380841,0.397006366373068
"X.Intercept.","x1.cwc","g1","g2","x2.cwc","x1.cwc.g1","x1.cwc.g2","g1.x2.cwc","g2.x2.cwc"
"1",0.197396299076324,0.331581250647757,0.192186769383305,0.199995941019729,0.293391050916899,0.322183625354751,0.339751301343065,0.284715295936718,0.274759692187078
"X.Intercept.","x1.cwc","g1","g2","x2.cwc","x1.cwc.g1","x1.cwc.g2","g1.x2.cwc","g2.x2.cwc"
"1",0.250037996943686,0.288919741281111,0.265756420209229,0.293068609882548,0.260589890507922,0.293533651536022,0.325227251768856,0.278715214971126,0.298000151581296
"X.Intercept.","x1.cwc","g1","g2","x2.cwc","x1.cwc.g1","x1.cwc.g2","g1.x2.cwc","g2.x2.cwc"
"1",0.232084976656954,0.375854031942634,0.199073943847556,0.25609432975442,0.378531285642701,0.316979076380479,0.388141686056427,0.316391142753094,0.401599875263443
"X.Intercept.","x1.cwc","g1","g2","x2.cwc","x1.cwc.g1","x1.cwc.g2","g1.x2.cwc","g2.x2.cwc"
"1",0.253145711197424,0.282053463320657,0.243782948811374,0.237736066772311,0.300019354253545,0.273141127962264,0.277031421885818,0.283450378785316,0.286542247505099
"X.Intercept.","x1.cwc","g1","g2","x2.cwc","x1.cwc.g1","x1.cwc.g2","g1.x2.cwc","g2.x2.cwc"
"1",0.220988645851343,0.2703858814512,0.257762851037487,0.232189673778504,0.286695989394301,0.306946961948178,0.291596197796169,0.338520749852692,0.295796409343187
"X.Intercept.","x1.cwc","g1","g2","x2.cwc","x1.cwc.g1","x1.cwc.g2","g1.x2.cwc","g2.x2.cwc"
"1",0.196215572049536,0.271750223174123,0.192937005539735,0.218413299138999,0.266891843594831,0.254671665518847,0.287935736523307,0.263229475181734,0.290681853244622
"X.Intercept.","x1.cwc","g1","g2","x2.cwc","x1.cwc.g1","x1.cwc.g2","g1.x2.cwc","g2.x2.cwc"
"1",0.253081460488645,0.335182273757104,0.230748740701563,0.247324339667125,0.367529494277453,0.299223948886752,0.331451204268703,0.329420406848732,0.333792365692986
"X.Intercept.","x1.cwc","g1","g2","x2.cwc","x1.cwc.g1","x1.cwc.g2","g1.x2.cwc","g2.x2.cwc"
"1",0.213354322031255,0.359602296137496,0.214129149627611,0.247075841474212,0.277976985848621,0.359804168652364,0.426415716969512,0.286292902842418,0.319090833679658
"X.Intercept.","x1.cwc","g1","g2","x2.cwc","x1.cwc.g1","x1.cwc.g2","g1.x2.cwc","g2.x2.cwc"
"1",0.264095804395211,0.301670046487377,0.252457664203304,0.30107031090328,0.277709714422827,0.298361444013714,0.359552308263409,0.260083091001826,0.321162922238495
"X.Intercept.","x1.cwc","g1","g2","x2.cwc","x1.cwc.g1","x1.cwc.g2","g1.x2.cwc","g2.x2.cwc"
"1",0.232205743090457,0.302833027755082,0.241266970368862,0.251504599984707,0.31038651402544,0.349479242289121,0.324077414752111,0.337907062416221,0.315489805611144
"X.Intercept.","x1.cwc","g1","g2","x2.cwc","x1.cwc.g1","x1.cwc.g2","g1.x2.cwc","g2.x2.cwc"
"1",0.236350364705915,0.321560263203934,0.216981919376342,0.244552532734175,0.344440022708993,0.306521534908529,0.346710008746448,0.318965726563255,0.354707246173465
"X.Intercept.","x1.cwc","g1","g2","x2.cwc","x1.cwc.g1","x1.cwc.g2","g1.x2.cwc","g2.x2.cwc"
"1",0.262357218658484,0.28762024684149,0.271336537593164,0.267115791327144,0.358861041135078,0.2911621939091,0.305614677386815,0.364612298744499,0.362850209804516
"X.Intercept.","x1.cwc","g1","g2","x2.cwc","x1.cwc.g1","x1.cwc.g2","g1.x2.cwc","g2.x2.cwc"
"1",0.256422991403634,0.373721959760282,0.225601047378006,0.232584559717582,0.293727755175448,0.315384163626653,0.347393055678884,0.253320527321893,0.285756941270989
"X.Intercept.","x1.cwc","g1","g2","x2.cwc","x1.cwc.g1","x1.cwc.g2","g1.x2.cwc","g2.x2.cwc"
"1",0.21028092592826,0.300478307740017,0.239378743696445,0.207996664514628,0.28930809875279,0.335201323871493,0.290948891601059,0.324476143024188,0.287444687985117
"X.Intercept.","x1.cwc","g1","g2","x2.cwc","x1.cwc.g1","x1.cwc.g2","g1.x2.cwc","g2.x2.cwc"
"1",0.241367323841797,0.28611805784926,0.207213448534026,0.234707196765183,0.323570188265799,0.24064363343396,0.27366323880112,0.281943797571019,0.317933125706129
"X.Intercept.","x1.cwc","g1","g2","x2.cwc","x1.cwc.g1","x1.cwc.g2","g1.x2.cwc","g2.x2.cwc"
"1",0.263784630719198,0.390402882302355,0.236117121906039,0.291982322702753,0.350069204854221,0.35493750192264,0.443268073387024,0.314834236038417,0.373846871189963
"X.Intercept.","x1.cwc","g1","g2","x2.cwc","x1.cwc.g1","x1.cwc.g2","g1.x2.cwc","g2.x2.cwc"
"1",0.240885321710838,0.298760214122391,0.24432962495584,0.231542572686011,0.277602560290471,0.305384586082627,0.282303091835466,0.276194044048306,0.255017666428066
"X.Intercept.","x1.cwc","g1","g2","x2.cwc","x1.cwc.g1","x1.cwc.g2","g1.x2.cwc","g2.x2.cwc"
"1",0.229436654843369,0.345342165804912,0.222692187319539,0.21428345369318,0.290555836091083,0.336510967809887,0.328165095949577,0.306683832961999,0.256765495588472
"X.Intercept.","x1.cwc","g1","g2","x2.cwc","x1.cwc.g1","x1.cwc.g2","g1.x2.cwc","g2.x2.cwc"
"1",0.240984240695868,0.358752582494685,0.23043896656121,0.258257860100351,0.287406899607586,0.366806139511311,0.375618058941758,0.278193262480115,0.292469128220497
"X.Intercept.","x1.cwc","g1","g2","x2.cwc","x1.cwc.g1","x1.cwc.g2","g1.x2.cwc","g2.x2.cwc"
"1",0.190634312612048,0.307094457079146,0.185989158076576,0.181500003165783,0.253063438446152,0.29588145195751,0.283301068027188,0.257458897783261,0.239021652632129
"X.Intercept.","x1.cwc","g1","g2","x2.cwc","x1.cwc.g1","x1.cwc.g2","g1.x2.cwc","g2.x2.cwc"
"1",0.219549674019484,0.305236309331683,0.243868636184736,0.196599395361772,0.354034869066802,0.329555312263454,0.26989004140088,0.371703942649606,0.321971601889063
"X.Intercept.","x1.cwc","g1","g2","x2.cwc","x1.cwc.g1","x1.cwc.g2","g1.x2.cwc","g2.x2.cwc"
"1",0.198705457991523,0.28343533916174,0.208099554744337,0.231472915726949,0.341982114564083,0.282559629264584,0.347804422253576,0.340413610514693,0.411002080480664
"X.Intercept.","x1.cwc","g1","g2","x2.cwc","x1.cwc.g1","x1.cwc.g2","g1.x2.cwc","g2.x2.cwc"
"1",0.221690898498099,0.261535385262477,0.212811985295669,0.195773189689514,0.303396807989509,0.259403413494987,0.214324720862046,0.268459907104395,0.256315509836883
"X.Intercept.","x1.cwc","g1","g2","x2.cwc","x1.cwc.g1","x1.cwc.g2","g1.x2.cwc","g2.x2.cwc"
"1",0.235428023050087,0.338786463864096,0.2344858242555,0.22141845539849,0.305141656099832,0.346363799100721,0.30895146479135,0.313406594932613,0.277925869217335
"X.Intercept.","x1.cwc","g1","g2","x2.cwc","x1.cwc.g1","x1.cwc.g2","g1.x2.cwc","g2.x2.cwc"
"1",0.206346837545485,0.32300403605515,0.207844792204586,0.295325889103916,0.287415321647999,0.321066089091037,0.455341921594931,0.280126235431679,0.39839678302436
"X.Intercept.","x1.cwc","g1","g2","x2.cwc","x1.cwc.g1","x1.cwc.g2","g1.x2.cwc","g2.x2.cwc"
"1",0.231849646102732,0.311865945431137,0.199165482901699,0.264904780579573,0.281503026594164,0.261243628316635,0.356543575495748,0.245830237902972,0.325489103161068
"X.Intercept.","x1.cwc","g1","g2","x2.cwc","x1.cwc.g1","x1.cwc.g2","g1.x2.cwc","g2.x2.cwc"
"1",0.263187482622686,0.303841343434394,0.250364714569826,0.23936001565444,0.310805169453675,0.301999299280267,0.293121310128718,0.289252178717677,0.29237867486114
"X.Intercept.","x1.cwc","g1","g2","x2.cwc","x1.cwc.g1","x1.cwc.g2","g1.x2.cwc","g2.x2.cwc"
"1",0.243370923680118,0.366551441237048,0.214652113458718,0.23126233024834,0.334815399039038,0.329078835583423,0.335822505364443,0.279225366767725,0.309336787727605
"X.Intercept.","x1.cwc","g1","g2","x2.cwc","x1.cwc.g1","x1.cwc.g2","g1.x2.cwc","g2.x2.cwc"
"1",0.215954888746692,0.322678129503211,0.205876970685158,0.179081990476344,0.336869841340422,0.284103255747722,0.253399277275808,0.322101392991273,0.277042712917532
"X.Intercept.","x1.cwc","g1","g2","x2.cwc","x1.cwc.g1","x1.cwc.g2","g1.x2.cwc","g2.x2.cwc"
"1",0.221834988281538,0.356255823802964,0.274152042068861,0.21536123813657,0.292302480779382,0.422737590430597,0.342433960276794,0.327025154391419,0.26803710886007
"X.Intercept.","x1.cwc","g1","g2","x2.cwc","x1.cwc.g1","x1.cwc.g2","g1.x2.cwc","g2.x2.cwc"
"1",0.228303508071802,0.280605459102774,0.203955575478748,0.216198926722756,0.297471095867722,0.251545924219301,0.271721749463843,0.265427150892026,0.323344133002143
"X.Intercept.","x1.cwc","g1","g2","x2.cwc","x1.cwc.g1","x1.cwc.g2","g1.x2.cwc","g2.x2.cwc"
"1",0.246579890841438,0.240155696884342,0.262855939377823,0.276070996973996,0.25678230725836,0.254219542050264,0.298065019875594,0.283882802828856,0.314485201750973
"X.Intercept.","x1.cwc","g1","g2","x2.cwc","x1.cwc.g1","x1.cwc.g2","g1.x2.cwc","g2.x2.cwc"
"1",0.180362824186839,0.24720157710959,0.195923641935501,0.223192197137352,0.230765134728831,0.264375542229624,0.306922798155222,0.239238646136593,0.286147846351914
"X.Intercept.","x1.cwc","g1","g2","x2.cwc","x1.cwc.g1","x1.cwc.g2","g1.x2.cwc","g2.x2.cwc"
"1",0.24646450863984,0.336004011573276,0.275700314300671,0.236887265240672,0.324662886216708,0.348672462734067,0.31824717119845,0.336905307976498,0.313890251079133
"X.Intercept.","x1.cwc","g1","g2","x2.cwc","x1.cwc.g1","x1.cwc.g2","g1.x2.cwc","g2.x2.cwc"
"1",0.231701921280246,0.304756794777727,0.224672681161831,0.254172517583763,0.320238942030414,0.284128289909335,0.364045976020321,0.298763727258973,0.383120530696705
"X.Intercept.","x1.cwc","g1","g2","x2.cwc","x1.cwc.g1","x1.cwc.g2","g1.x2.cwc","g2.x2.cwc"
"1",0.210059355132824,0.294753641803423,0.211034188455894,0.215651875261847,0.255060876427336,0.295407996675672,0.298604774269121,0.259031010789287,0.263369579011164
"X.Intercept.","x1.cwc","g1","g2","x2.cwc","x1.cwc.g1","x1.cwc.g2","g1.x2.cwc","g2.x2.cwc"
"1",0.175874975177382,0.306312872141163,0.212380486213644,0.149579310191434,0.242380333891295,0.370562938867626,0.254619278801355,0.311359804400465,0.204851302816637
"X.Intercept.","x1.cwc","g1","g2","x2.cwc","x1.cwc.g1","x1.cwc.g2","g1.x2.cwc","g2.x2.cwc"
"1",0.216664380198227,0.30878850439831,0.248542992364166,0.229945098259422,0.294416007870081,0.337497542296944,0.32308680540313,0.333370803550013,0.299403196864496
"X.Intercept.","x1.cwc","g1","g2","x2.cwc","x1.cwc.g1","x1.cwc.g2","g1.x2.cwc","g2.x2.cwc"
"1",0.191786721602516,0.285573579924926,0.177787110835061,0.200498111401904,0.269255484812112,0.267249646924644,0.304871848404165,0.244094647107478,0.292870634209134
"X.Intercept.","x1.cwc","g1","g2","x2.cwc","x1.cwc.g1","x1.cwc.g2","g1.x2.cwc","g2.x2.cwc"
"1",0.327414842503953,0.30815390929617,0.311182369887904,0.281866409597845,0.459768822413709,0.299317109591147,0.245958896923072,0.426286989213828,0.382518680441101
"X.Intercept.","x1.cwc","g1","g2","x2.cwc","x1.cwc.g1","x1.cwc.g2","g1.x2.cwc","g2.x2.cwc"
"1",0.22432814288096,0.313365535850604,0.189014184620175,0.209903225118617,0.309071130381512,0.273166069888391,0.285749457368567,0.255384012100239,0.294985209270857
"X.Intercept.","x1.cwc","g1","g2","x2.cwc","x1.cwc.g1","x1.cwc.g2","g1.x2.cwc","g2.x2.cwc"
"1",0.194496007968725,0.269303265146547,0.188340223256613,0.201575699985075,0.292462516231684,0.257100994703406,0.281915984822163,0.281170667885162,0.302183969792457
"X.Intercept.","x1.cwc","g1","g2","x2.cwc","x1.cwc.g1","x1.cwc.g2","g1.x2.cwc","g2.x2.cwc"
"1",0.263283908002774,0.382081407191139,0.232248381822304,0.224706705806659,0.394803033907174,0.326489172774373,0.328734901656123,0.357500264564385,0.33582868167945
"X.Intercept.","x1.cwc","g1","g2","x2.cwc","x1.cwc.g1","x1.cwc.g2","g1.x2.cwc","g2.x2.cwc"
"1",0.239164638663461,0.352400328442619,0.291598667065853,0.257426306748315,0.314501722537702,0.430876165332008,0.393340109205059,0.417217891893594,0.342598586990112
"X.Intercept.","x1.cwc","g1","g2","x2.cwc","x1.cwc.g1","x1.cwc.g2","g1.x2.cwc","g2.x2.cwc"
"1",0.213522154098114,0.324964774853765,0.177263707661643,0.231237159036939,0.328515257681857,0.2792553801836,0.339263500471301,0.280170629057858,0.360795220079333
"X.Intercept.","x1.cwc","g1","g2","x2.cwc","x1.cwc.g1","x1.cwc.g2","g1.x2.cwc","g2.x2.cwc"
"1",0.23275552675906,0.374826971041633,0.197947025053093,0.209156320590737,0.366635540892332,0.310456138950942,0.318312984607654,0.298251875710642,0.332275637778365
"X.Intercept.","x1.cwc","g1","g2","x2.cwc","x1.cwc.g1","x1.cwc.g2","g1.x2.cwc","g2.x2.cwc"
"1",0.282682788311264,0.282619522584359,0.304300015340742,0.293202391432069,0.331836004066843,0.309344955297499,0.287572446904587,0.377928406698797,0.35436442932393
"X.Intercept.","x1.cwc","g1","g2","x2.cwc","x1.cwc.g1","x1.cwc.g2","g1.x2.cwc","g2.x2.cwc"
"1",0.285622741028397,0.352909692178223,0.256805509892485,0.288662201048922,0.357648391502184,0.323429603557706,0.339750352343594,0.334854022163479,0.348938162317792
"X.Intercept.","x1.cwc","g1","g2","x2.cwc","x1.cwc.g1","x1.cwc.g2","g1.x2.cwc","g2.x2.cwc"
"1",0.259968872839918,0.357516284441312,0.224713610754563,0.269313901661359,0.368171966483902,0.312158019641807,0.34487469981161,0.341982545197239,0.381056345406566
"X.Intercept.","x1.cwc","g1","g2","x2.cwc","x1.cwc.g1","x1.cwc.g2","g1.x2.cwc","g2.x2.cwc"
"1",0.239219718109072,0.338668095351292,0.235793590019824,0.216612473420309,0.388085270347442,0.329148864436322,0.312143315289612,0.370007724211778,0.355055725792973
"X.Intercept.","x1.cwc","g1","g2","x2.cwc","x1.cwc.g1","x1.cwc.g2","g1.x2.cwc","g2.x2.cwc"
"1",0.20405558026149,0.334687390121673,0.181799211801077,0.222314795126024,0.348611209758912,0.289049298343963,0.359311529758988,0.307719566248887,0.370380185834439
"X.Intercept.","x1.cwc","g1","g2","x2.cwc","x1.cwc.g1","x1.cwc.g2","g1.x2.cwc","g2.x2.cwc"
"1",0.185693881539766,0.238301884617617,0.229244021445052,0.162888558577362,0.230739620932224,0.287480725194415,0.220038912353135,0.279813687200283,0.212682757963658
"X.Intercept.","x1.cwc","g1","g2","x2.cwc","x1.cwc.g1","x1.cwc.g2","g1.x2.cwc","g2.x2.cwc"
"1",0.241815248117674,0.356048179820367,0.199980456349535,0.236387975792859,0.396439763343884,0.275931282817046,0.342549676851709,0.328234444966099,0.368077378728099
"X.Intercept.","x1.cwc","g1","g2","x2.cwc","x1.cwc.g1","x1.cwc.g2","g1.x2.cwc","g2.x2.cwc"
"1",0.228616536850325,0.337390912654722,0.211922040943156,0.228847691723652,0.319187809629658,0.325817999571335,0.332851532334926,0.287333465121719,0.308506571467682
"X.Intercept.","x1.cwc","g1","g2","x2.cwc","x1.cwc.g1","x1.cwc.g2","g1.x2.cwc","g2.x2.cwc"
"1",0.247035257228048,0.368297590230252,0.251091153951494,0.254181044240408,0.384865142379518,0.366758669690919,0.388422239799342,0.399212331755066,0.39169918219262
"X.Intercept.","x1.cwc","g1","g2","x2.cwc","x1.cwc.g1","x1.cwc.g2","g1.x2.cwc","g2.x2.cwc"
"1",0.224974993533146,0.345837810778645,0.239570778340909,0.235782281931242,0.314267328975017,0.354944678959519,0.351961663465786,0.321280397602777,0.318942521143805
"X.Intercept.","x1.cwc","g1","g2","x2.cwc","x1.cwc.g1","x1.cwc.g2","g1.x2.cwc","g2.x2.cwc"
"1",0.256714614505784,0.331800570586552,0.251672112123556,0.226619066000951,0.321891746710225,0.323077066889612,0.309600623611491,0.306531468458265,0.282053724338571
"X.Intercept.","x1.cwc","g1","g2","x2.cwc","x1.cwc.g1","x1.cwc.g2","g1.x2.cwc","g2.x2.cwc"
"1",0.214978019516112,0.358606624781156,0.204442921518037,0.228173367013499,0.343601855226063,0.346352427257055,0.377432723643559,0.327434219060721,0.357602499134487
"X.Intercept.","x1.cwc","g1","g2","x2.cwc","x1.cwc.g1","x1.cwc.g2","g1.x2.cwc","g2.x2.cwc"
"1",0.250373332954688,0.34772685182189,0.240020384756372,0.204398797725803,0.332830469579383,0.321990854684764,0.275492885928781,0.296380613807409,0.275321781045986
"X.Intercept.","x1.cwc","g1","g2","x2.cwc","x1.cwc.g1","x1.cwc.g2","g1.x2.cwc","g2.x2.cwc"
"1",0.208200972300635,0.269635262912192,0.197400127396938,0.176514631206717,0.254861949092621,0.257234935193821,0.232831371063082,0.236254848693771,0.237265175127722
"X.Intercept.","x1.cwc","g1","g2","x2.cwc","x1.cwc.g1","x1.cwc.g2","g1.x2.cwc","g2.x2.cwc"
"1",0.204349854953353,0.359387925642989,0.207235560549422,0.182049771521976,0.398775966954928,0.362125741675512,0.312966414138232,0.407591802234476,0.361102080746557
"X.Intercept.","x1.cwc","g1","g2","x2.cwc","x1.cwc.g1","x1.cwc.g2","g1.x2.cwc","g2.x2.cwc"
"1",0.305654568209144,0.290073062745363,0.310601918219468,0.288483988207668,0.289869870537391,0.297952292601454,0.27859096987484,0.285097737116979,0.275606914156416
"X.Intercept.","x1.cwc","g1","g2","x2.cwc","x1.cwc.g1","x1.cwc.g2","g1.x2.cwc","g2.x2.cwc"
"1",0.216981550814278,0.242222555026354,0.255698139256782,0.241725682640172,0.272692914144662,0.270866073178977,0.282797704038206,0.330599695794521,0.314320515664746
"X.Intercept.","x1.cwc","g1","g2","x2.cwc","x1.cwc.g1","x1.cwc.g2","g1.x2.cwc","g2.x2.cwc"
"1",0.210899315248215,0.265482603860579,0.211709711815958,0.2374194746603,0.290824674305639,0.268289620081496,0.282064168123579,0.300636957988422,0.314349330600384
"X.Intercept.","x1.cwc","g1","g2","x2.cwc","x1.cwc.g1","x1.cwc.g2","g1.x2.cwc","g2.x2.cwc"
"1",0.296778977649087,0.320400460046662,0.327623573426016,0.273353039689875,0.386205634746091,0.340695622864853,0.280598535755853,0.420883110986494,0.345456539796341
"X.Intercept.","x1.cwc","g1","g2","x2.cwc","x1.cwc.g1","x1.cwc.g2","g1.x2.cwc","g2.x2.cwc"
"1",0.199685130396182,0.262335192501655,0.208419774609692,0.204848901044923,0.278364340550663,0.271912385882765,0.287661852982307,0.271995211597831,0.287945784092223
"X.Intercept.","x1.cwc","g1","g2","x2.cwc","x1.cwc.g1","x1.cwc.g2","g1.x2.cwc","g2.x2.cwc"
"1",0.210637043009991,0.36903813855544,0.206743317763466,0.210084739123112,0.32560700778732,0.364255861394977,0.368776958824305,0.330429300730999,0.316251313272744
"X.Intercept.","x1.cwc","g1","g2","x2.cwc","x1.cwc.g1","x1.cwc.g2","g1.x2.cwc","g2.x2.cwc"
"1",0.270215829976794,0.290957511282996,0.301442903994915,0.252223908211742,0.330478015400558,0.335888213405763,0.265126310193223,0.38301408145967,0.308436971035047
"X.Intercept.","x1.cwc","g1","g2","x2.cwc","x1.cwc.g1","x1.cwc.g2","g1.x2.cwc","g2.x2.cwc"
"1",0.212157501658055,0.272966940241525,0.195121686527696,0.252540298115824,0.270856957100819,0.273906140901311,0.322255202412245,0.261598792306172,0.329303865521181
"X.Intercept.","x1.cwc","g1","g2","x2.cwc","x1.cwc.g1","x1.cwc.g2","g1.x2.cwc","g2.x2.cwc"
"1",0.236360752433113,0.295755487154191,0.238606074404542,0.227815759434235,0.30512880753286,0.262709343602387,0.263363871123515,0.29997154624367,0.27938850767662
"X.Intercept.","x1.cwc","g1","g2","x2.cwc","x1.cwc.g1","x1.cwc.g2","g1.x2.cwc","g2.x2.cwc"
"1",0.212733229147629,0.288290340667258,0.224925637075691,0.223295129228768,0.29720999046346,0.289647396972615,0.325653266957862,0.305442329759633,0.34167211994765
"X.Intercept.","x1.cwc","g1","g2","x2.cwc","x1.cwc.g1","x1.cwc.g2","g1.x2.cwc","g2.x2.cwc"
"1",0.212478960499694,0.317606196434745,0.25751763448362,0.223242652908206,0.34848189383659,0.3749595272077,0.327614880193692,0.424178980641012,0.357370359357733
"X.Intercept.","x1.cwc","g1","g2","x2.cwc","x1.cwc.g1","x1.cwc.g2","g1.x2.cwc","g2.x2.cwc"
"1",0.228112841890339,0.35072265027533,0.230563273229504,0.22634385902257,0.315049747379661,0.359764968008912,0.349089836688122,0.304696895135637,0.311058657324543
"X.Intercept.","x1.cwc","g1","g2","x2.cwc","x1.cwc.g1","x1.cwc.g2","g1.x2.cwc","g2.x2.cwc"
"1",0.238574747038656,0.302604501146376,0.227814983938148,0.256219323858183,0.300460887412363,0.312139125155587,0.322301178135295,0.285005040006474,0.327039451172307
"X.Intercept.","x1.cwc","g1","g2","x2.cwc","x1.cwc.g1","x1.cwc.g2","g1.x2.cwc","g2.x2.cwc"
"1",0.203170686034939,0.279569992198944,0.182995823421727,0.209950775211654,0.260912690282188,0.249975359705182,0.28834662928652,0.217057031802145,0.253633677985188
"X.Intercept.","x1.cwc","g1","g2","x2.cwc","x1.cwc.g1","x1.cwc.g2","g1.x2.cwc","g2.x2.cwc"
"1",0.219968183046672,0.29395406755131,0.207589986160002,0.242808276053719,0.281407257595439,0.265013375896173,0.329436665696162,0.248308466722622,0.33207097983002
"X.Intercept.","x1.cwc","g1","g2","x2.cwc","x1.cwc.g1","x1.cwc.g2","g1.x2.cwc","g2.x2.cwc"
"1",0.217109616068979,0.280071991408501,0.189232294063622,0.207127751205444,0.309172151763416,0.237142862648406,0.258712488134046,0.281850441613033,0.307532011245687
"X.Intercept.","x1.cwc","g1","g2","x2.cwc","x1.cwc.g1","x1.cwc.g2","g1.x2.cwc","g2.x2.cwc"
"1",0.202142500778417,0.291086632283497,0.229439213218289,0.212808212929557,0.287897817584765,0.331699295025511,0.316030269667343,0.33033373864433,0.315279703314944
"X.Intercept.","x1.cwc","g1","g2","x2.cwc","x1.cwc.g1","x1.cwc.g2","g1.x2.cwc","g2.x2.cwc"
"1",0.281834095291632,0.365484600511547,0.265162909812893,0.28184145675054,0.419290766574999,0.335947686998438,0.363875405743529,0.41837318508328,0.413591788561955
"X.Intercept.","x1.cwc","g1","g2","x2.cwc","x1.cwc.g1","x1.cwc.g2","g1.x2.cwc","g2.x2.cwc"
"1",0.186801138430857,0.266163798893714,0.186540920298069,0.206445246380736,0.25814524371008,0.25344249363821,0.312675686524059,0.23790108998771,0.292536716982076
"X.Intercept.","x1.cwc","g1","g2","x2.cwc","x1.cwc.g1","x1.cwc.g2","g1.x2.cwc","g2.x2.cwc"
"1",0.2166166346184,0.320507640327145,0.22861794520887,0.194624109647452,0.34939059452631,0.344016995482885,0.286118459341663,0.373602447886377,0.310420675573021
"X.Intercept.","x1.cwc","g1","g2","x2.cwc","x1.cwc.g1","x1.cwc.g2","g1.x2.cwc","g2.x2.cwc"
"1",0.180387087653044,0.236137226963601,0.18303180905444,0.176293780616707,0.261158455672043,0.242177517764311,0.229521338823366,0.274404988221484,0.258267335368083
"X.Intercept.","x1.cwc","g1","g2","x2.cwc","x1.cwc.g1","x1.cwc.g2","g1.x2.cwc","g2.x2.cwc"
"1",0.226146339390792,0.316050097646315,0.239872989639723,0.195897786216442,0.28681835153959,0.340640287041301,0.262699020813954,0.309028045889732,0.232779865821494
"X.Intercept.","x1.cwc","g1","g2","x2.cwc","x1.cwc.g1","x1.cwc.g2","g1.x2.cwc","g2.x2.cwc"
"1",0.31243150853427,0.281360167304886,0.332933524704765,0.412426373610992,0.343584217755844,0.315774550769057,0.394444347740455,0.375683727335207,0.460725729515567
"X.Intercept.","x1.cwc","g1","g2","x2.cwc","x1.cwc.g1","x1.cwc.g2","g1.x2.cwc","g2.x2.cwc"
"1",0.22226488406258,0.365322724938465,0.234305719845658,0.213898711004957,0.31726084826344,0.375836332337776,0.354096820910883,0.345290469556483,0.336241433860556
"X.Intercept.","x1.cwc","g1","g2","x2.cwc","x1.cwc.g1","x1.cwc.g2","g1.x2.cwc","g2.x2.cwc"
"1",0.243563275688156,0.322441269893169,0.240573885803055,0.257942566652217,0.302459042716144,0.321504139989792,0.31712166717947,0.306661104831936,0.321879047654761
"X.Intercept.","x1.cwc","g1","g2","x2.cwc","x1.cwc.g1","x1.cwc.g2","g1.x2.cwc","g2.x2.cwc"
"1",0.193878847126317,0.274497458503532,0.206282611987708,0.205083857916118,0.271794437689594,0.307825369909531,0.302825597610446,0.305843847525226,0.286485980613794
"X.Intercept.","x1.cwc","g1","g2","x2.cwc","x1.cwc.g1","x1.cwc.g2","g1.x2.cwc","g2.x2.cwc"
"1",0.207186480685414,0.239461440235502,0.230367594638523,0.205522346112229,0.247183261065673,0.272592475880334,0.241218179674193,0.275633773799749,0.233492911073491
"X.Intercept.","x1.cwc","g1","g2","x2.cwc","x1.cwc.g1","x1.cwc.g2","g1.x2.cwc","g2.x2.cwc"
"1",0.225652321325853,0.278478929353883,0.250876828415958,0.244667428667349,0.336974718316796,0.292980069031278,0.288208552020932,0.367560668761088,0.37113247135052
"X.Intercept.","x1.cwc","g1","g2","x2.cwc","x1.cwc.g1","x1.cwc.g2","g1.x2.cwc","g2.x2.cwc"
"1",0.202068314425454,0.272672964556902,0.205261358524479,0.219648150394854,0.332307402625202,0.28722086935644,0.292393260492362,0.333566214803717,0.353279431509597
"X.Intercept.","x1.cwc","g1","g2","x2.cwc","x1.cwc.g1","x1.cwc.g2","g1.x2.cwc","g2.x2.cwc"
"1",0.156335156088228,0.202321056576785,0.193652960493928,0.182050540868206,0.205541138181376,0.247020066453953,0.228021250217293,0.254350016988274,0.23576459929208
"X.Intercept.","x1.cwc","g1","g2","x2.cwc","x1.cwc.g1","x1.cwc.g2","g1.x2.cwc","g2.x2.cwc"
"1",0.24174340448812,0.272855338583258,0.221939479925871,0.272594698529169,0.317884262049579,0.259744705973578,0.312059547713955,0.29302222891473,0.361537100821168
"X.Intercept.","x1.cwc","g1","g2","x2.cwc","x1.cwc.g1","x1.cwc.g2","g1.x2.cwc","g2.x2.cwc"
"1",0.221300039719309,0.267269858925991,0.247805316952938,0.230184482843033,0.293459712131042,0.284875479630639,0.263099715278097,0.310892546279319,0.297805856338685
"X.Intercept.","x1.cwc","g1","g2","x2.cwc","x1.cwc.g1","x1.cwc.g2","g1.x2.cwc","g2.x2.cwc"
"1",0.227289116680704,0.2774358259131,0.23543610526734,0.221682017397152,0.3503045338441,0.281515971466889,0.266881057974439,0.346763526470768,0.342796032747986
"X.Intercept.","x1.cwc","g1","g2","x2.cwc","x1.cwc.g1","x1.cwc.g2","g1.x2.cwc","g2.x2.cwc"
"1",0.306147615069462,0.310762966614338,0.364621687205433,0.288661722379064,0.341660781377794,0.378490669950764,0.288072577224645,0.421202220396361,0.309236291262835
"X.Intercept.","x1.cwc","g1","g2","x2.cwc","x1.cwc.g1","x1.cwc.g2","g1.x2.cwc","g2.x2.cwc"
"1",0.230392981795268,0.336575888602871,0.186830667129253,0.254186158978574,0.342837356488018,0.278955753679197,0.373616731261225,0.289279408447078,0.370961595714224
"X.Intercept.","x1.cwc","g1","g2","x2.cwc","x1.cwc.g1","x1.cwc.g2","g1.x2.cwc","g2.x2.cwc"
"1",0.201239913671823,0.337409647734677,0.185223728589496,0.189617170338667,0.288794785514877,0.308444580673143,0.318452896977563,0.262022733031326,0.260014832030875
"X.Intercept.","x1.cwc","g1","g2","x2.cwc","x1.cwc.g1","x1.cwc.g2","g1.x2.cwc","g2.x2.cwc"
"1",0.298609082850128,0.356367802556162,0.338185379183004,0.293497761450678,0.339276096306942,0.399366993054752,0.351002051671042,0.367400831541919,0.317815368799398
"X.Intercept.","x1.cwc","g1","g2","x2.cwc","x1.cwc.g1","x1.cwc.g2","g1.x2.cwc","g2.x2.cwc"
"1",0.193579428794055,0.258646861458958,0.227047398961222,0.216821553872359,0.308304256464903,0.292139133064471,0.309775728649546,0.370729310724051,0.34627788304999
"X.Intercept.","x1.cwc","g1","g2","x2.cwc","x1.cwc.g1","x1.cwc.g2","g1.x2.cwc","g2.x2.cwc"
"1",0.248064118826686,0.363044318654505,0.26005501653014,0.225126255682651,0.351072879796756,0.370743934918861,0.336177294917921,0.360239781880707,0.329109851734881
"X.Intercept.","x1.cwc","g1","g2","x2.cwc","x1.cwc.g1","x1.cwc.g2","g1.x2.cwc","g2.x2.cwc"
"1",0.272291011353968,0.373892117223471,0.255591903486617,0.233439098006957,0.363213536712364,0.37764140758875,0.3176943588319,0.339856729319558,0.310369129747623
"X.Intercept.","x1.cwc","g1","g2","x2.cwc","x1.cwc.g1","x1.cwc.g2","g1.x2.cwc","g2.x2.cwc"
"1",0.272593056670796,0.362180289835168,0.253854945013734,0.278090835175279,0.402129854407378,0.357221140810957,0.34350432649991,0.369706720217868,0.407209313418022
"X.Intercept.","x1.cwc","g1","g2","x2.cwc","x1.cwc.g1","x1.cwc.g2","g1.x2.cwc","g2.x2.cwc"
"1",0.22249822835446,0.279987629523435,0.192201986351101,0.279964074833031,0.296979810004623,0.25833801787169,0.372260029170981,0.264925354525029,0.398783867578679
"X.Intercept.","x1.cwc","g1","g2","x2.cwc","x1.cwc.g1","x1.cwc.g2","g1.x2.cwc","g2.x2.cwc"
"1",0.280332029755956,0.359742299940302,0.256784415754161,0.306584201712443,0.391921980509859,0.329515550117879,0.400652545657753,0.351305688782196,0.432699209880507
"X.Intercept.","x1.cwc","g1","g2","x2.cwc","x1.cwc.g1","x1.cwc.g2","g1.x2.cwc","g2.x2.cwc"
"1",0.189693617286968,0.314235219152745,0.197100643514942,0.209034018942316,0.252596919969719,0.318540871642957,0.338437116619117,0.25311878559947,0.281932518315409
"X.Intercept.","x1.cwc","g1","g2","x2.cwc","x1.cwc.g1","x1.cwc.g2","g1.x2.cwc","g2.x2.cwc"
"1",0.192573522800267,0.273524233575482,0.20950185651495,0.197531936634903,0.341686561502177,0.288556089847408,0.2915289300392,0.380751195775367,0.345953752695487
"X.Intercept.","x1.cwc","g1","g2","x2.cwc","x1.cwc.g1","x1.cwc.g2","g1.x2.cwc","g2.x2.cwc"
"1",0.209553421471513,0.2829499728136,0.198529238247878,0.193151003734165,0.312755405925976,0.265047502225448,0.248614628573309,0.294433770593177,0.285739834642361
"X.Intercept.","x1.cwc","g1","g2","x2.cwc","x1.cwc.g1","x1.cwc.g2","g1.x2.cwc","g2.x2.cwc"
"1",0.22362011675909,0.293066296198308,0.223390854640985,0.215782480467886,0.278865104201978,0.290678240668837,0.283826996488435,0.279777676504071,0.287708560033049
"X.Intercept.","x1.cwc","g1","g2","x2.cwc","x1.cwc.g1","x1.cwc.g2","g1.x2.cwc","g2.x2.cwc"
"1",0.222868119586115,0.272305052782965,0.230895032299527,0.211597812982011,0.312786689429355,0.279995889706811,0.266099655333264,0.324881237452237,0.320157397750807
"X.Intercept.","x1.cwc","g1","g2","x2.cwc","x1.cwc.g1","x1.cwc.g2","g1.x2.cwc","g2.x2.cwc"
"1",0.19274517400333,0.332725214638517,0.20304405213944,0.179499550764152,0.274350460650183,0.348876054090036,0.300941933183432,0.296565847912508,0.260738028420742
"X.Intercept.","x1.cwc","g1","g2","x2.cwc","x1.cwc.g1","x1.cwc.g2","g1.x2.cwc","g2.x2.cwc"
"1",0.227531727091283,0.382403219610734,0.213634394268708,0.239239661880488,0.336137552918985,0.349498797070264,0.42917360945538,0.318860244739609,0.363948815100306
"X.Intercept.","x1.cwc","g1","g2","x2.cwc","x1.cwc.g1","x1.cwc.g2","g1.x2.cwc","g2.x2.cwc"
"1",0.263921533215413,0.408224678480899,0.272160887454928,0.213438766187978,0.349825618944062,0.433449302208683,0.329039351818959,0.380355669178397,0.282092492514091
"X.Intercept.","x1.cwc","g1","g2","x2.cwc","x1.cwc.g1","x1.cwc.g2","g1.x2.cwc","g2.x2.cwc"
"1",0.27176738031301,0.37952340625811,0.24364275476577,0.266541430089703,0.387995108697708,0.356130214846834,0.363687698688686,0.365729840721682,0.363692647478729
"X.Intercept.","x1.cwc","g1","g2","x2.cwc","x1.cwc.g1","x1.cwc.g2","g1.x2.cwc","g2.x2.cwc"
"1",0.227782018278279,0.384916044626992,0.220199974688778,0.21460663690449,0.294839390868646,0.375743075311813,0.348167737186463,0.298768230986023,0.276469929658559
"X.Intercept.","x1.cwc","g1","g2","x2.cwc","x1.cwc.g1","x1.cwc.g2","g1.x2.cwc","g2.x2.cwc"
"1",0.273002694821555,0.338130393478514,0.255308952666807,0.279745382480422,0.305090637680469,0.31774802128928,0.357843156710785,0.309658682009507,0.335514045861475
"X.Intercept.","x1.cwc","g1","g2","x2.cwc","x1.cwc.g1","x1.cwc.g2","g1.x2.cwc","g2.x2.cwc"
"1",0.19929285818167,0.246485285833993,0.216562790031395,0.203854245858013,0.269321386614395,0.282010045689999,0.247108103898412,0.288150721304415,0.266666228071426
"X.Intercept.","x1.cwc","g1","g2","x2.cwc","x1.cwc.g1","x1.cwc.g2","g1.x2.cwc","g2.x2.cwc"
"1",0.264929895991852,0.296099115131857,0.309227112064203,0.268694070542967,0.340169552520366,0.330074335857772,0.301524798378284,0.395638055726191,0.346688969606905
"X.Intercept.","x1.cwc","g1","g2","x2.cwc","x1.cwc.g1","x1.cwc.g2","g1.x2.cwc","g2.x2.cwc"
"1",0.288940635369215,0.348674478884633,0.31301346762127,0.276646053155042,0.26925273616276,0.375696143994876,0.335551407643399,0.28608502113641,0.253957869044427
"X.Intercept.","x1.cwc","g1","g2","x2.cwc","x1.cwc.g1","x1.cwc.g2","g1.x2.cwc","g2.x2.cwc"
"1",0.250854438619275,0.368571622418002,0.253708651012059,0.257162746646653,0.362562248507126,0.369178853658552,0.376185980759728,0.377180275196001,0.363253521572207
"X.Intercept.","x1.cwc","g1","g2","x2.cwc","x1.cwc.g1","x1.cwc.g2","g1.x2.cwc","g2.x2.cwc"
"1",0.249775719879563,0.341608645401683,0.264892724277316,0.276693997020798,0.31879256517956,0.370604468384367,0.399114674351047,0.35019429026301,0.351242103940874
"X.Intercept.","x1.cwc","g1","g2","x2.cwc","x1.cwc.g1","x1.cwc.g2","g1.x2.cwc","g2.x2.cwc"
"1",0.185255772681258,0.275187777109469,0.172129284600152,0.230680666102699,0.26645908858725,0.253107841546966,0.340533676519452,0.245457332556429,0.349946048661893
"X.Intercept.","x1.cwc","g1","g2","x2.cwc","x1.cwc.g1","x1.cwc.g2","g1.x2.cwc","g2.x2.cwc"
"1",0.181573268406241,0.258683021023284,0.177638595145363,0.191260571649325,0.242468485921871,0.240827640710216,0.255790927261026,0.226524508084284,0.2467530694199
"X.Intercept.","x1.cwc","g1","g2","x2.cwc","x1.cwc.g1","x1.cwc.g2","g1.x2.cwc","g2.x2.cwc"
"1",0.205729103073579,0.315935855023717,0.235754344313991,0.214296616649496,0.28752703686501,0.381160381834859,0.330020585135672,0.302073326847841,0.31307555798525
"X.Intercept.","x1.cwc","g1","g2","x2.cwc","x1.cwc.g1","x1.cwc.g2","g1.x2.cwc","g2.x2.cwc"
"1",0.232268211171821,0.30474110045642,0.208490599301538,0.261428787007914,0.383446944286798,0.264940639655163,0.335309125704051,0.332782661300988,0.412326099475911
"X.Intercept.","x1.cwc","g1","g2","x2.cwc","x1.cwc.g1","x1.cwc.g2","g1.x2.cwc","g2.x2.cwc"
"1",0.218461909862063,0.327790273150506,0.203314405597943,0.232926144358599,0.349634694758976,0.325905314533582,0.340598846160249,0.333434153112586,0.379189181932376
"X.Intercept.","x1.cwc","g1","g2","x2.cwc","x1.cwc.g1","x1.cwc.g2","g1.x2.cwc","g2.x2.cwc"
"1",0.212013290430439,0.299531425046059,0.195946291064594,0.186054924364241,0.328068470762998,0.271969123602821,0.264335020107559,0.31668401704564,0.30112231616255
"X.Intercept.","x1.cwc","g1","g2","x2.cwc","x1.cwc.g1","x1.cwc.g2","g1.x2.cwc","g2.x2.cwc"
"1",0.267511155902134,0.309021222584798,0.284880498742653,0.249737882847343,0.359161099313382,0.362532313202901,0.287360382523349,0.400560818110027,0.340036168374385
"X.Intercept.","x1.cwc","g1","g2","x2.cwc","x1.cwc.g1","x1.cwc.g2","g1.x2.cwc","g2.x2.cwc"
"1",0.216674932016711,0.320944464137248,0.221658051063331,0.203258888474048,0.273019071876492,0.341762279760885,0.292536545237744,0.288939209052236,0.255698041613727
"X.Intercept.","x1.cwc","g1","g2","x2.cwc","x1.cwc.g1","x1.cwc.g2","g1.x2.cwc","g2.x2.cwc"
"1",0.18039804187656,0.287361248241493,0.181334938902612,0.177323140669913,0.276017341819243,0.298276941298765,0.297694222080795,0.281964398184096,0.275354479466715
"X.Intercept.","x1.cwc","g1","g2","x2.cwc","x1.cwc.g1","x1.cwc.g2","g1.x2.cwc","g2.x2.cwc"
"1",0.192943313098072,0.267238316246328,0.19978255550062,0.186105784931072,0.317364273511555,0.269758469246914,0.265322705555959,0.336921833902886,0.308236018944445
"X.Intercept.","x1.cwc","g1","g2","x2.cwc","x1.cwc.g1","x1.cwc.g2","g1.x2.cwc","g2.x2.cwc"
"1",0.245575816833249,0.351929582909166,0.253407087533138,0.24812187784252,0.312623088418863,0.362660439004632,0.35239524444777,0.309497291598296,0.315403973270628
"X.Intercept.","x1.cwc","g1","g2","x2.cwc","x1.cwc.g1","x1.cwc.g2","g1.x2.cwc","g2.x2.cwc"
"1",0.243978917098116,0.339642573243266,0.219776479608503,0.205833058642345,0.400101118602558,0.301247531240003,0.304865796608396,0.36622037421437,0.357633720479065
"X.Intercept.","x1.cwc","g1","g2","x2.cwc","x1.cwc.g1","x1.cwc.g2","g1.x2.cwc","g2.x2.cwc"
"1",0.265488284085882,0.379146165441972,0.245198255694031,0.282902580922364,0.356501711751234,0.353793367109,0.415460168039341,0.330014003913535,0.36363870146131
"X.Intercept.","x1.cwc","g1","g2","x2.cwc","x1.cwc.g1","x1.cwc.g2","g1.x2.cwc","g2.x2.cwc"
"1",0.229091083087856,0.335408550615705,0.229903868623656,0.223765130274697,0.358693162664716,0.337818770859803,0.335487166683517,0.359992612081821,0.353433935153319
"X.Intercept.","x1.cwc","g1","g2","x2.cwc","x1.cwc.g1","x1.cwc.g2","g1.x2.cwc","g2.x2.cwc"
"1",0.230255393527394,0.351672862163729,0.249450979961249,0.198078219961821,0.316203112320379,0.372451522211228,0.312049116203917,0.365480969514284,0.283202864157075
"X.Intercept.","x1.cwc","g1","g2","x2.cwc","x1.cwc.g1","x1.cwc.g2","g1.x2.cwc","g2.x2.cwc"
"1",0.185270539096401,0.292624607405018,0.202055300580898,0.223351188968348,0.260329026936376,0.319354554945566,0.34078297852146,0.299228650705813,0.288991901638611
"X.Intercept.","x1.cwc","g1","g2","x2.cwc","x1.cwc.g1","x1.cwc.g2","g1.x2.cwc","g2.x2.cwc"
"1",0.229228910370751,0.3954281168223,0.215496161588984,0.237624409406808,0.313735430521565,0.388698487054929,0.40704718573863,0.312716166584841,0.318494413197109
"X.Intercept.","x1.cwc","g1","g2","x2.cwc","x1.cwc.g1","x1.cwc.g2","g1.x2.cwc","g2.x2.cwc"
"1",0.246285802349743,0.351630123973766,0.219079393348578,0.254494353106187,0.372344897644052,0.298611967635939,0.343142592897537,0.319086375994704,0.356351781999837
"X.Intercept.","x1.cwc","g1","g2","x2.cwc","x1.cwc.g1","x1.cwc.g2","g1.x2.cwc","g2.x2.cwc"
"1",0.231228672760166,0.403720679958945,0.230125706180981,0.21938773089732,0.329875924508651,0.3971604911648,0.379581329558082,0.326687486176365,0.315521940677622
"X.Intercept.","x1.cwc","g1","g2","x2.cwc","x1.cwc.g1","x1.cwc.g2","g1.x2.cwc","g2.x2.cwc"
"1",0.167401482649769,0.30995349489445,0.15755148433981,0.179444783016222,0.29867878512757,0.298988946386992,0.342533053901474,0.287834855678866,0.327418376681706
"X.Intercept.","x1.cwc","g1","g2","x2.cwc","x1.cwc.g1","x1.cwc.g2","g1.x2.cwc","g2.x2.cwc"
"1",0.188633555511281,0.26179039656648,0.223020475741245,0.198904858524053,0.319826706870199,0.341466082005942,0.307158086548152,0.384045317331644,0.354052181203889
"X.Intercept.","x1.cwc","g1","g2","x2.cwc","x1.cwc.g1","x1.cwc.g2","g1.x2.cwc","g2.x2.cwc"
"1",0.167913418502935,0.260758035590857,0.185419835008757,0.178665592413708,0.262432829997198,0.305412491631396,0.288433876856637,0.283625473503735,0.279837365972776
"X.Intercept.","x1.cwc","g1","g2","x2.cwc","x1.cwc.g1","x1.cwc.g2","g1.x2.cwc","g2.x2.cwc"
"1",0.18607004844537,0.281733206367515,0.20024616117822,0.19106193895552,0.268445054944755,0.301652961031435,0.264620456797857,0.281395866041292,0.267557265365022
"X.Intercept.","x1.cwc","g1","g2","x2.cwc","x1.cwc.g1","x1.cwc.g2","g1.x2.cwc","g2.x2.cwc"
"1",0.193695025051968,0.279253679829872,0.198733894365461,0.19948155978739,0.288623326349572,0.290875913134874,0.295143963393621,0.31494107824698,0.305026374416542
"X.Intercept.","x1.cwc","g1","g2","x2.cwc","x1.cwc.g1","x1.cwc.g2","g1.x2.cwc","g2.x2.cwc"
"1",0.182678927151887,0.233789809155581,0.198050604174706,0.191906492327803,0.291246779028147,0.242944822208698,0.22531630764157,0.291169716810229,0.29090519893253
"X.Intercept.","x1.cwc","g1","g2","x2.cwc","x1.cwc.g1","x1.cwc.g2","g1.x2.cwc","g2.x2.cwc"
"1",0.240657281730505,0.2538601816492,0.281474743104998,0.226917330925258,0.259626785710861,0.289058454369246,0.250550099959773,0.30167872079047,0.258955719445149
"X.Intercept.","x1.cwc","g1","g2","x2.cwc","x1.cwc.g1","x1.cwc.g2","g1.x2.cwc","g2.x2.cwc"
"1",0.229139124690734,0.270529767828228,0.310449035088249,0.21241374538842,0.289294918568826,0.377916683222963,0.243349664102966,0.388146332860947,0.259078745978318
"X.Intercept.","x1.cwc","g1","g2","x2.cwc","x1.cwc.g1","x1.cwc.g2","g1.x2.cwc","g2.x2.cwc"
"1",0.205079847632866,0.268350890360176,0.193863663338059,0.268910477582941,0.289589917466364,0.261294167613314,0.367362033521676,0.28051125765058,0.385344178433667
"X.Intercept.","x1.cwc","g1","g2","x2.cwc","x1.cwc.g1","x1.cwc.g2","g1.x2.cwc","g2.x2.cwc"
"1",0.186765733453671,0.298615883078775,0.205065845437667,0.189698364655722,0.259673422300426,0.313619393324165,0.301544231040126,0.272410879638025,0.262104480881026
"X.Intercept.","x1.cwc","g1","g2","x2.cwc","x1.cwc.g1","x1.cwc.g2","g1.x2.cwc","g2.x2.cwc"
"1",0.201168758322675,0.306644655822891,0.209352706186034,0.231543768057149,0.271501175123335,0.311751373219894,0.345655118519922,0.28687258143237,0.313717514604432
"X.Intercept.","x1.cwc","g1","g2","x2.cwc","x1.cwc.g1","x1.cwc.g2","g1.x2.cwc","g2.x2.cwc"
"1",0.215138735460482,0.305645740955905,0.217825171154688,0.229095207890052,0.306286133202774,0.322878710018967,0.331009613934533,0.312565467171826,0.314983204183604
"X.Intercept.","x1.cwc","g1","g2","x2.cwc","x1.cwc.g1","x1.cwc.g2","g1.x2.cwc","g2.x2.cwc"
"1",0.231198880566245,0.317539788035823,0.223490772761616,0.23437169452278,0.404438108178349,0.3228065573383,0.332549976640388,0.380016327852648,0.399271588125132
"X.Intercept.","x1.cwc","g1","g2","x2.cwc","x1.cwc.g1","x1.cwc.g2","g1.x2.cwc","g2.x2.cwc"
"1",0.173181924490207,0.318675369473379,0.195332701427881,0.178135464970582,0.313811229414213,0.359932996558278,0.326918789522527,0.352306900404803,0.334805870925278
"X.Intercept.","x1.cwc","g1","g2","x2.cwc","x1.cwc.g1","x1.cwc.g2","g1.x2.cwc","g2.x2.cwc"
"1",0.225161582033966,0.337508070653626,0.2185448522507,0.250275950176218,0.328707389831554,0.341962919301824,0.377158301022884,0.294671258063287,0.371342318145081
"X.Intercept.","x1.cwc","g1","g2","x2.cwc","x1.cwc.g1","x1.cwc.g2","g1.x2.cwc","g2.x2.cwc"
"1",0.211096882866631,0.329839362181941,0.195657589555053,0.25913305058399,0.316833711906452,0.328256383728256,0.420050609068689,0.314553346210383,0.379636126893765
"X.Intercept.","x1.cwc","g1","g2","x2.cwc","x1.cwc.g1","x1.cwc.g2","g1.x2.cwc","g2.x2.cwc"
"1",0.240754776923914,0.309126543589158,0.223640352243566,0.212039759208383,0.353198238791548,0.286092157356748,0.272373556512561,0.315079281409102,0.304789686645909
"X.Intercept.","x1.cwc","g1","g2","x2.cwc","x1.cwc.g1","x1.cwc.g2","g1.x2.cwc","g2.x2.cwc"
"1",0.222523763881881,0.326780256879113,0.200600222452196,0.205909699582097,0.342242080758752,0.315130573912819,0.305363301008886,0.338525722189909,0.314555399019136
"X.Intercept.","x1.cwc","g1","g2","x2.cwc","x1.cwc.g1","x1.cwc.g2","g1.x2.cwc","g2.x2.cwc"
"1",0.228155319664668,0.339740687198054,0.229285918212602,0.262743249042744,0.319760998399689,0.344103464165606,0.373340556661832,0.31595834999164,0.345911764556662
"X.Intercept.","x1.cwc","g1","g2","x2.cwc","x1.cwc.g1","x1.cwc.g2","g1.x2.cwc","g2.x2.cwc"
"1",0.284219633330365,0.304698689393423,0.249160181827039,0.305471722252433,0.272583788212939,0.265105949346374,0.343910949170011,0.230863557040425,0.313083892850518
"X.Intercept.","x1.cwc","g1","g2","x2.cwc","x1.cwc.g1","x1.cwc.g2","g1.x2.cwc","g2.x2.cwc"
"1",0.185619526558337,0.278198856981091,0.22124182959962,0.202175332393395,0.271325153290943,0.327677654015369,0.289521355315554,0.334620315435435,0.30517053161542
"X.Intercept.","x1.cwc","g1","g2","x2.cwc","x1.cwc.g1","x1.cwc.g2","g1.x2.cwc","g2.x2.cwc"
"1",0.329621581215059,0.321391141503859,0.250575938090056,0.321160862580097,0.35426132699434,0.260860170883327,0.308920189659804,0.287057105708173,0.360950649725815
"X.Intercept.","x1.cwc","g1","g2","x2.cwc","x1.cwc.g1","x1.cwc.g2","g1.x2.cwc","g2.x2.cwc"
"1",0.21561859600723,0.237720646667693,0.212570380582877,0.212756784288605,0.26325149855601,0.233009987049232,0.243139079176985,0.25862257087402,0.270610969387747
"X.Intercept.","x1.cwc","g1","g2","x2.cwc","x1.cwc.g1","x1.cwc.g2","g1.x2.cwc","g2.x2.cwc"
"1",0.195248242223594,0.288020925520035,0.243058372180127,0.179241849033623,0.282661956588004,0.372690159445247,0.263182532276569,0.38090552112553,0.257353786797328
"X.Intercept.","x1.cwc","g1","g2","x2.cwc","x1.cwc.g1","x1.cwc.g2","g1.x2.cwc","g2.x2.cwc"
"1",0.204152696274171,0.280682175225818,0.192612049939084,0.196673471494696,0.23364158279427,0.262603274922779,0.28111911360883,0.219960338393249,0.228198899553511
"X.Intercept.","x1.cwc","g1","g2","x2.cwc","x1.cwc.g1","x1.cwc.g2","g1.x2.cwc","g2.x2.cwc"
"1",0.207296624528174,0.289046335547537,0.204407838088995,0.220103639176945,0.317095632085237,0.268179452330934,0.329296424934588,0.294458603082586,0.33042687133036
"X.Intercept.","x1.cwc","g1","g2","x2.cwc","x1.cwc.g1","x1.cwc.g2","g1.x2.cwc","g2.x2.cwc"
"1",0.22340500662462,0.333654980719892,0.197382920916172,0.238019437339461,0.377355688303061,0.301637959259576,0.353040777640347,0.331209088685161,0.386094130735536
"X.Intercept.","x1.cwc","g1","g2","x2.cwc","x1.cwc.g1","x1.cwc.g2","g1.x2.cwc","g2.x2.cwc"
"1",0.226351838815275,0.353355396248924,0.232916012218572,0.252264766874464,0.261462375377207,0.384218450684851,0.384123718613468,0.287902540754799,0.32780263767017
"X.Intercept.","x1.cwc","g1","g2","x2.cwc","x1.cwc.g1","x1.cwc.g2","g1.x2.cwc","g2.x2.cwc"
"1",0.229323653745466,0.272463868881806,0.2103539755267,0.21887305277154,0.281232938023189,0.245922175548469,0.273113204727372,0.269547898645207,0.2777803795708
"X.Intercept.","x1.cwc","g1","g2","x2.cwc","x1.cwc.g1","x1.cwc.g2","g1.x2.cwc","g2.x2.cwc"
"1",0.222253950444621,0.278981893360223,0.207954491104129,0.254732305251057,0.324205248981727,0.262874853111074,0.315558719566547,0.30569463975602,0.36462669735934
"X.Intercept.","x1.cwc","g1","g2","x2.cwc","x1.cwc.g1","x1.cwc.g2","g1.x2.cwc","g2.x2.cwc"
"1",0.223091308839235,0.330962127341856,0.242475421351922,0.27283216920073,0.340955027070644,0.368699110700875,0.398051246830327,0.366532121067329,0.414241759753287
"X.Intercept.","x1.cwc","g1","g2","x2.cwc","x1.cwc.g1","x1.cwc.g2","g1.x2.cwc","g2.x2.cwc"
"1",0.181244328237463,0.269973004288293,0.174403532384596,0.216856623108719,0.257570373893282,0.26562790229099,0.333554348442088,0.252126463935103,0.303148059644772
"X.Intercept.","x1.cwc","g1","g2","x2.cwc","x1.cwc.g1","x1.cwc.g2","g1.x2.cwc","g2.x2.cwc"
"1",0.264657128655787,0.403134650591095,0.237585754667479,0.260322254429997,0.361813101537922,0.368459367164702,0.403918664738814,0.336741480690488,0.384461696333928
"X.Intercept.","x1.cwc","g1","g2","x2.cwc","x1.cwc.g1","x1.cwc.g2","g1.x2.cwc","g2.x2.cwc"
"1",0.294166822495538,0.316183628782753,0.281477690099621,0.256891865673277,0.279620529338748,0.294199763786902,0.278789576407017,0.258741418391599,0.243419029054508
"X.Intercept.","x1.cwc","g1","g2","x2.cwc","x1.cwc.g1","x1.cwc.g2","g1.x2.cwc","g2.x2.cwc"
"1",0.320389300564231,0.277229405687441,0.339934227688106,0.31054599646407,0.252082754648483,0.301561194034672,0.267870818981041,0.268084244951012,0.244521772948041
"X.Intercept.","x1.cwc","g1","g2","x2.cwc","x1.cwc.g1","x1.cwc.g2","g1.x2.cwc","g2.x2.cwc"
"1",0.258496429344052,0.324197571252361,0.26771841151678,0.228819754320962,0.32025355881811,0.328116004272995,0.275631930276128,0.326744793151786,0.277190829345344
"X.Intercept.","x1.cwc","g1","g2","x2.cwc","x1.cwc.g1","x1.cwc.g2","g1.x2.cwc","g2.x2.cwc"
"1",0.218579721979856,0.274272056176571,0.2484741442579,0.24394962725845,0.326576573068413,0.31125679852196,0.302734913121741,0.376713675909491,0.382604138599052
